-- AUTO-GENERATED by scripts/generate-seed.ts. Do not edit by hand.
-- Reseed with: npm run seed:gen

-- blocks
insert into blocks (id, title, weeks_label, primary_goal, day_a, day_c, day_b, hard_sets_range) values (1, '01 — Weeks 01-12 — Foundation & Recomposition', '01–12', 'Foundation, recomposition, tissue tolerance', 'Full-body strength', 'Judo-specific conditioning', 'Full-body strength', '16–31');
insert into blocks (id, title, weeks_label, primary_goal, day_a, day_c, day_b, hard_sets_range) values (2, '02 — Weeks 13-24 — Maximum Strength', '13–24', 'Heavy force production, pull strength, trunk stiffness', 'Full-body strength', 'Judo-specific conditioning', 'Full-body strength', '14–27');
insert into blocks (id, title, weeks_label, primary_goal, day_a, day_c, day_b, hard_sets_range) values (3, '03 — Weeks 25-36 — Strength-Speed & Power Conversion', '25–36', 'Convert strength to speed and repeat power', 'Strength-speed', 'Judo-specific power conditioning', 'Full-body power', '12–24');
insert into blocks (id, title, weeks_label, primary_goal, day_a, day_c, day_b, hard_sets_range) values (4, '04 — Weeks 37-48 — Resilient Maintenance & Hypertrophy Retention', '37–48', 'Maintain strength and aesthetics with low fatigue', 'Strength maintenance', 'Low-cost judo conditioning', 'Strength maintenance', '9–18');
insert into blocks (id, title, weeks_label, primary_goal, day_a, day_c, day_b, hard_sets_range) values (5, '05 — Weeks 49-52 — Transition & Reset', '49–52', 'Remove fatigue, reassess, reset', 'Easy ramp', 'Technical rhythm', 'Easy ramp', '4–8');

-- weekly_calendar
insert into weekly_calendar (sort_order, day, training, session, intensity_rule, notes) values (0, 'Monday', 'S&C', 'Day A — full-body strength', 'Heaviest bilateral squat + pull exposure', 'Do not add extra conditioning here.');
insert into weekly_calendar (sort_order, day, training, session, intensity_rule, notes) values (1, 'Tuesday', 'S&C', 'Day C — judo-specific conditioning', 'Medicine-ball throws, entries, grip, carries', 'Transfer-focused, not a beatdown.');
insert into weekly_calendar (sort_order, day, training, session, intensity_rule, notes) values (2, 'Wednesday', 'Judo', 'Technical / randori', 'Sport priority', 'Protect practice quality.');
insert into weekly_calendar (sort_order, day, training, session, intensity_rule, notes) values (3, 'Thursday', 'S&C', 'Day B — full-body strength', 'Productive but non-grinding', 'Trim grip first if Friday judo will be hard.');
insert into weekly_calendar (sort_order, day, training, session, intensity_rule, notes) values (4, 'Friday', 'Judo', 'Technical / randori', 'Sport priority', 'Avoid arriving finger-fried.');
insert into weekly_calendar (sort_order, day, training, session, intensity_rule, notes) values (5, 'Saturday', 'Recovery', 'Walk / mobility / easy zone 2 optional', 'Low stress', 'No hard leg work.');
insert into weekly_calendar (sort_order, day, training, session, intensity_rule, notes) values (6, 'Sunday', 'Judo', 'Technical / randori', 'Sport priority', 'Review fatigue before Monday.');

-- global_rules
insert into global_rules (priority, rule, implementation) values (1, 'Protect judo quality first', 'If Wednesday/Friday randori quality drops: trim Thursday grip, then Thursday accessories, then Day C density, then main lifts.');
insert into global_rules (priority, rule, implementation) values (2, 'Use RPE autoregulation', 'Add load only when sets are at/below target RPE with clean technique and good speed.');
insert into global_rules (priority, rule, implementation) values (3, 'Deload every 4th week', 'Reduce hard sets by 35–50%, lower intensity by 5–10%, avoid failure.');
insert into global_rules (priority, rule, implementation) values (4, 'Grip is frequent but tightly dosed', 'Goal is grip resilience, not arriving at judo with dead fingers and elbows.');
insert into global_rules (priority, rule, implementation) values (5, 'Power work must stay fast', 'Medicine-ball throws and speed lifts stop when reps slow or mechanics degrade.');
insert into global_rules (priority, rule, implementation) values (6, 'Accessories are optional under fatigue', 'Cut hypertrophy accessories first after hard randori or poor sleep.');

-- program_weeks (block 1)
insert into program_weeks (week_number, block_id, focus, day_a_main, day_b_main, day_c_focus, hard_sets, main_rpe) values (1, 1, 'Accumulation', 'Main lifts 3×6 @6', 'Main lifts 3×6 @6', 'Throw mechanics, easy band entries, submax grip', 24, 6);
insert into program_weeks (week_number, block_id, focus, day_a_main, day_b_main, day_c_focus, hard_sets, main_rpe) values (2, 1, 'Build', 'Main lifts 4×6 @6.5', 'Main lifts 4×6 @6.5', 'Add one med-ball set per throw', 27, 6.5);
insert into program_weeks (week_number, block_id, focus, day_a_main, day_b_main, day_c_focus, hard_sets, main_rpe) values (3, 1, 'Overload', 'Main lifts 4×6 @7', 'Main lifts 4×6 @7', 'Add one uchi-komi round', 30, 7);
insert into program_weeks (week_number, block_id, focus, day_a_main, day_b_main, day_c_focus, hard_sets, main_rpe) values (4, 1, 'Deload', 'Deload 2×5 @5–6', 'Deload 2×5 @5–6', 'Technique-only Day C', 16, 5.5);
insert into program_weeks (week_number, block_id, focus, day_a_main, day_b_main, day_c_focus, hard_sets, main_rpe) values (5, 1, 'Intensification I', 'Main lifts 4×5 @7', 'Main lifts 4×5 @7', 'Slightly faster band entries', 28, 7);
insert into program_weeks (week_number, block_id, focus, day_a_main, day_b_main, day_c_focus, hard_sets, main_rpe) values (6, 1, 'Build', 'Main lifts 4×5 @7.5', 'Main lifts 4×5 @7.5', 'Add one grip set if elbows fresh', 30, 7.5);
insert into program_weeks (week_number, block_id, focus, day_a_main, day_b_main, day_c_focus, hard_sets, main_rpe) values (7, 1, 'Peak accumulation', 'Main lifts 5×4 @8', 'Main lifts 5×4 @8', 'Peak accumulation week', 31, 8);
insert into program_weeks (week_number, block_id, focus, day_a_main, day_b_main, day_c_focus, hard_sets, main_rpe) values (8, 1, 'Deload', 'Deload 2–3×4 @6', 'Deload 2–3×4 @6', 'Reduced med-ball and grip', 18, 6);
insert into program_weeks (week_number, block_id, focus, day_a_main, day_b_main, day_c_focus, hard_sets, main_rpe) values (9, 1, 'Rebuild', 'Main lifts 4×4 @7.5', 'Main lifts 4×4 @7.5', 'Rebuild density cautiously', 28, 7.5);
insert into program_weeks (week_number, block_id, focus, day_a_main, day_b_main, day_c_focus, hard_sets, main_rpe) values (10, 1, 'Build', 'Main lifts 5×4 @8', 'Main lifts 5×4 @8', 'Moderate repeated-power work', 30, 8);
insert into program_weeks (week_number, block_id, focus, day_a_main, day_b_main, day_c_focus, hard_sets, main_rpe) values (11, 1, 'Last exposure', 'Main lifts 4×3 @8', 'Main lifts 4×3 @8', 'Last exposure before deload', 26, 8);
insert into program_weeks (week_number, block_id, focus, day_a_main, day_b_main, day_c_focus, hard_sets, main_rpe) values (12, 1, 'Deload / assessment', 'Deload / assessment 3×3 @6–7', 'Deload / assessment 3×3 @6–7', 'Technical flush, no hard finisher', 16, 6.5);

-- prescriptions (block 1)
insert into prescriptions (block_id, week_number, day_code, day_label, exercise, prescription, target_rpe, rest, transfer, sort_order) values (1, 1, 'A', 'A — Monday', 'Front squat', 'Main lifts 3×6 @6 | 3×6 in Week 1; follow weekly table', '6–8', '2–3 min', 'Base force, posture, bracing, leg drive', 0);
insert into prescriptions (block_id, week_number, day_code, day_label, exercise, prescription, target_rpe, rest, transfer, sort_order) values (1, 1, 'A', 'A — Monday', 'Weighted neutral-grip pull-up', '3×6', '6–8', '2 min', 'Grip, pulling, scapular control', 1);
insert into prescriptions (block_id, week_number, day_code, day_label, exercise, prescription, target_rpe, rest, transfer, sort_order) values (1, 1, 'A', 'A — Monday', 'Low-incline barbell press', '3×8', '6–8', '90–120s', 'Upper-body strength and chest/shoulder hypertrophy', 2);
insert into prescriptions (block_id, week_number, day_code, day_label, exercise, prescription, target_rpe, rest, transfer, sort_order) values (1, 1, 'A', 'A — Monday', 'Romanian deadlift', '3×8', '6–8', '2 min', 'Posterior chain, hip hinge, throw finish strength', 3);
insert into prescriptions (block_id, week_number, day_code, day_label, exercise, prescription, target_rpe, rest, transfer, sort_order) values (1, 1, 'A', 'A — Monday', 'Chest-supported row', '3×10', '7–8', '75–90s', 'Upper-back thickness without extra lumbar fatigue', 4);
insert into prescriptions (block_id, week_number, day_code, day_label, exercise, prescription, target_rpe, rest, transfer, sort_order) values (1, 1, 'A', 'A — Monday', 'Pallof press', '2×10/side', '6–7', '45s', 'Anti-rotation trunk stiffness', 5);
insert into prescriptions (block_id, week_number, day_code, day_label, exercise, prescription, target_rpe, rest, transfer, sort_order) values (1, 1, 'A', 'A — Monday', '4-way neck isometric', '2×15–20s/direction', '6–7', '30–45s', 'Neck robustness', 6);
insert into prescriptions (block_id, week_number, day_code, day_label, exercise, prescription, target_rpe, rest, transfer, sort_order) values (1, 1, 'B', 'B — Thursday', 'Trap-bar deadlift', 'Main lifts 3×6 @6 | 3×5 in Week 1; follow weekly table', '6–8', '2–3 min', 'Whole-body force, leg/hip drive, grip integration', 0);
insert into prescriptions (block_id, week_number, day_code, day_label, exercise, prescription, target_rpe, rest, transfer, sort_order) values (1, 1, 'B', 'B — Thursday', 'Push press', '3×5', '6–8', '2 min', 'Triple extension plus upper-body power', 1);
insert into prescriptions (block_id, week_number, day_code, day_label, exercise, prescription, target_rpe, rest, transfer, sort_order) values (1, 1, 'B', 'B — Thursday', 'Bulgarian split squat', '3×8/leg', '7–8', '75–90s', 'Unilateral force and base stability', 2);
insert into prescriptions (block_id, week_number, day_code, day_label, exercise, prescription, target_rpe, rest, transfer, sort_order) values (1, 1, 'B', 'B — Thursday', 'Flat DB press', '3×8', '7–8', '75–90s', 'Chest and triceps hypertrophy', 3);
insert into prescriptions (block_id, week_number, day_code, day_label, exercise, prescription, target_rpe, rest, transfer, sort_order) values (1, 1, 'B', 'B — Thursday', 'One-arm cable row or seal row', '3×8–10', '7–8', '75–90s', 'Scapular control and upper-back balance', 4);
insert into prescriptions (block_id, week_number, day_code, day_label, exercise, prescription, target_rpe, rest, transfer, sort_order) values (1, 1, 'B', 'B — Thursday', 'Neutral-grip pulldown', '2×10–12', '7', '60–75s', 'Extra vertical-pull volume with lower grip cost', 5);
insert into prescriptions (block_id, week_number, day_code, day_label, exercise, prescription, target_rpe, rest, transfer, sort_order) values (1, 1, 'B', 'B — Thursday', 'Copenhagen plank', '2×20–30s/side', '7', '30–45s', 'Adductors, pelvis control, groin resilience', 6);
insert into prescriptions (block_id, week_number, day_code, day_label, exercise, prescription, target_rpe, rest, transfer, sort_order) values (1, 1, 'C', 'C — Tuesday', 'Rotational scoop toss', '4×4/side', '6–7', '45–60s', 'Rotational power, hip-to-hand transfer', 0);
insert into prescriptions (block_id, week_number, day_code, day_label, exercise, prescription, target_rpe, rest, transfer, sort_order) values (1, 1, 'C', 'C — Tuesday', 'Overhead rear throw', '4×4', '6–7', '45–60s', 'Triple extension and projection force', 1);
insert into prescriptions (block_id, week_number, day_code, day_label, exercise, prescription, target_rpe, rest, transfer, sort_order) values (1, 1, 'C', 'C — Tuesday', 'Band-resisted uchi-komi', '6–8 rounds of 10–15s', '6–7', '20–30s', 'Entry speed, rhythm, posture', 2);
insert into prescriptions (block_id, week_number, day_code, day_label, exercise, prescription, target_rpe, rest, transfer, sort_order) values (1, 1, 'C', 'C — Tuesday', 'Judogi hang', '3×20–30s', '7', '45s', 'Isometric grip endurance', 3);
insert into prescriptions (block_id, week_number, day_code, day_label, exercise, prescription, target_rpe, rest, transfer, sort_order) values (1, 1, 'C', 'C — Tuesday', 'Towel row or rope row', '3×8', '7', '60s', 'Dynamic gripping and pulling', 4);
insert into prescriptions (block_id, week_number, day_code, day_label, exercise, prescription, target_rpe, rest, transfer, sort_order) values (1, 1, 'C', 'C — Tuesday', 'Suitcase carry', '3×20m/side', '7', 'walk-back', 'Lateral trunk stiffness and grip', 5);
insert into prescriptions (block_id, week_number, day_code, day_label, exercise, prescription, target_rpe, rest, transfer, sort_order) values (1, 2, 'A', 'A — Monday', 'Front squat', 'Main lifts 4×6 @6.5 | 3×6 in Week 1; follow weekly table', '6–8', '2–3 min', 'Base force, posture, bracing, leg drive', 0);
insert into prescriptions (block_id, week_number, day_code, day_label, exercise, prescription, target_rpe, rest, transfer, sort_order) values (1, 2, 'A', 'A — Monday', 'Weighted neutral-grip pull-up', '3×6', '6–8', '2 min', 'Grip, pulling, scapular control', 1);
insert into prescriptions (block_id, week_number, day_code, day_label, exercise, prescription, target_rpe, rest, transfer, sort_order) values (1, 2, 'A', 'A — Monday', 'Low-incline barbell press', '3×8', '6–8', '90–120s', 'Upper-body strength and chest/shoulder hypertrophy', 2);
insert into prescriptions (block_id, week_number, day_code, day_label, exercise, prescription, target_rpe, rest, transfer, sort_order) values (1, 2, 'A', 'A — Monday', 'Romanian deadlift', '3×8', '6–8', '2 min', 'Posterior chain, hip hinge, throw finish strength', 3);
insert into prescriptions (block_id, week_number, day_code, day_label, exercise, prescription, target_rpe, rest, transfer, sort_order) values (1, 2, 'A', 'A — Monday', 'Chest-supported row', '3×10', '7–8', '75–90s', 'Upper-back thickness without extra lumbar fatigue', 4);
insert into prescriptions (block_id, week_number, day_code, day_label, exercise, prescription, target_rpe, rest, transfer, sort_order) values (1, 2, 'A', 'A — Monday', 'Pallof press', '2×10/side', '6–7', '45s', 'Anti-rotation trunk stiffness', 5);
insert into prescriptions (block_id, week_number, day_code, day_label, exercise, prescription, target_rpe, rest, transfer, sort_order) values (1, 2, 'A', 'A — Monday', '4-way neck isometric', '2×15–20s/direction', '6–7', '30–45s', 'Neck robustness', 6);
insert into prescriptions (block_id, week_number, day_code, day_label, exercise, prescription, target_rpe, rest, transfer, sort_order) values (1, 2, 'B', 'B — Thursday', 'Trap-bar deadlift', 'Main lifts 4×6 @6.5 | 3×5 in Week 1; follow weekly table', '6–8', '2–3 min', 'Whole-body force, leg/hip drive, grip integration', 0);
insert into prescriptions (block_id, week_number, day_code, day_label, exercise, prescription, target_rpe, rest, transfer, sort_order) values (1, 2, 'B', 'B — Thursday', 'Push press', '3×5', '6–8', '2 min', 'Triple extension plus upper-body power', 1);
insert into prescriptions (block_id, week_number, day_code, day_label, exercise, prescription, target_rpe, rest, transfer, sort_order) values (1, 2, 'B', 'B — Thursday', 'Bulgarian split squat', '3×8/leg', '7–8', '75–90s', 'Unilateral force and base stability', 2);
insert into prescriptions (block_id, week_number, day_code, day_label, exercise, prescription, target_rpe, rest, transfer, sort_order) values (1, 2, 'B', 'B — Thursday', 'Flat DB press', '3×8', '7–8', '75–90s', 'Chest and triceps hypertrophy', 3);
insert into prescriptions (block_id, week_number, day_code, day_label, exercise, prescription, target_rpe, rest, transfer, sort_order) values (1, 2, 'B', 'B — Thursday', 'One-arm cable row or seal row', '3×8–10', '7–8', '75–90s', 'Scapular control and upper-back balance', 4);
insert into prescriptions (block_id, week_number, day_code, day_label, exercise, prescription, target_rpe, rest, transfer, sort_order) values (1, 2, 'B', 'B — Thursday', 'Neutral-grip pulldown', '2×10–12', '7', '60–75s', 'Extra vertical-pull volume with lower grip cost', 5);
insert into prescriptions (block_id, week_number, day_code, day_label, exercise, prescription, target_rpe, rest, transfer, sort_order) values (1, 2, 'B', 'B — Thursday', 'Copenhagen plank', '2×20–30s/side', '7', '30–45s', 'Adductors, pelvis control, groin resilience', 6);
insert into prescriptions (block_id, week_number, day_code, day_label, exercise, prescription, target_rpe, rest, transfer, sort_order) values (1, 2, 'C', 'C — Tuesday', 'Rotational scoop toss', '4×4/side', '6–7', '45–60s', 'Rotational power, hip-to-hand transfer', 0);
insert into prescriptions (block_id, week_number, day_code, day_label, exercise, prescription, target_rpe, rest, transfer, sort_order) values (1, 2, 'C', 'C — Tuesday', 'Overhead rear throw', '4×4', '6–7', '45–60s', 'Triple extension and projection force', 1);
insert into prescriptions (block_id, week_number, day_code, day_label, exercise, prescription, target_rpe, rest, transfer, sort_order) values (1, 2, 'C', 'C — Tuesday', 'Band-resisted uchi-komi', '6–8 rounds of 10–15s', '6–7', '20–30s', 'Entry speed, rhythm, posture', 2);
insert into prescriptions (block_id, week_number, day_code, day_label, exercise, prescription, target_rpe, rest, transfer, sort_order) values (1, 2, 'C', 'C — Tuesday', 'Judogi hang', '3×20–30s', '7', '45s', 'Isometric grip endurance', 3);
insert into prescriptions (block_id, week_number, day_code, day_label, exercise, prescription, target_rpe, rest, transfer, sort_order) values (1, 2, 'C', 'C — Tuesday', 'Towel row or rope row', '3×8', '7', '60s', 'Dynamic gripping and pulling', 4);
insert into prescriptions (block_id, week_number, day_code, day_label, exercise, prescription, target_rpe, rest, transfer, sort_order) values (1, 2, 'C', 'C — Tuesday', 'Suitcase carry', '3×20m/side', '7', 'walk-back', 'Lateral trunk stiffness and grip', 5);
insert into prescriptions (block_id, week_number, day_code, day_label, exercise, prescription, target_rpe, rest, transfer, sort_order) values (1, 3, 'A', 'A — Monday', 'Front squat', 'Main lifts 4×6 @7 | 3×6 in Week 1; follow weekly table', '6–8', '2–3 min', 'Base force, posture, bracing, leg drive', 0);
insert into prescriptions (block_id, week_number, day_code, day_label, exercise, prescription, target_rpe, rest, transfer, sort_order) values (1, 3, 'A', 'A — Monday', 'Weighted neutral-grip pull-up', '3×6', '6–8', '2 min', 'Grip, pulling, scapular control', 1);
insert into prescriptions (block_id, week_number, day_code, day_label, exercise, prescription, target_rpe, rest, transfer, sort_order) values (1, 3, 'A', 'A — Monday', 'Low-incline barbell press', '3×8', '6–8', '90–120s', 'Upper-body strength and chest/shoulder hypertrophy', 2);
insert into prescriptions (block_id, week_number, day_code, day_label, exercise, prescription, target_rpe, rest, transfer, sort_order) values (1, 3, 'A', 'A — Monday', 'Romanian deadlift', '3×8', '6–8', '2 min', 'Posterior chain, hip hinge, throw finish strength', 3);
insert into prescriptions (block_id, week_number, day_code, day_label, exercise, prescription, target_rpe, rest, transfer, sort_order) values (1, 3, 'A', 'A — Monday', 'Chest-supported row', '3×10', '7–8', '75–90s', 'Upper-back thickness without extra lumbar fatigue', 4);
insert into prescriptions (block_id, week_number, day_code, day_label, exercise, prescription, target_rpe, rest, transfer, sort_order) values (1, 3, 'A', 'A — Monday', 'Pallof press', '2×10/side', '6–7', '45s', 'Anti-rotation trunk stiffness', 5);
insert into prescriptions (block_id, week_number, day_code, day_label, exercise, prescription, target_rpe, rest, transfer, sort_order) values (1, 3, 'A', 'A — Monday', '4-way neck isometric', '2×15–20s/direction', '6–7', '30–45s', 'Neck robustness', 6);
insert into prescriptions (block_id, week_number, day_code, day_label, exercise, prescription, target_rpe, rest, transfer, sort_order) values (1, 3, 'B', 'B — Thursday', 'Trap-bar deadlift', 'Main lifts 4×6 @7 | 3×5 in Week 1; follow weekly table', '6–8', '2–3 min', 'Whole-body force, leg/hip drive, grip integration', 0);
insert into prescriptions (block_id, week_number, day_code, day_label, exercise, prescription, target_rpe, rest, transfer, sort_order) values (1, 3, 'B', 'B — Thursday', 'Push press', '3×5', '6–8', '2 min', 'Triple extension plus upper-body power', 1);
insert into prescriptions (block_id, week_number, day_code, day_label, exercise, prescription, target_rpe, rest, transfer, sort_order) values (1, 3, 'B', 'B — Thursday', 'Bulgarian split squat', '3×8/leg', '7–8', '75–90s', 'Unilateral force and base stability', 2);
insert into prescriptions (block_id, week_number, day_code, day_label, exercise, prescription, target_rpe, rest, transfer, sort_order) values (1, 3, 'B', 'B — Thursday', 'Flat DB press', '3×8', '7–8', '75–90s', 'Chest and triceps hypertrophy', 3);
insert into prescriptions (block_id, week_number, day_code, day_label, exercise, prescription, target_rpe, rest, transfer, sort_order) values (1, 3, 'B', 'B — Thursday', 'One-arm cable row or seal row', '3×8–10', '7–8', '75–90s', 'Scapular control and upper-back balance', 4);
insert into prescriptions (block_id, week_number, day_code, day_label, exercise, prescription, target_rpe, rest, transfer, sort_order) values (1, 3, 'B', 'B — Thursday', 'Neutral-grip pulldown', '2×10–12', '7', '60–75s', 'Extra vertical-pull volume with lower grip cost', 5);
insert into prescriptions (block_id, week_number, day_code, day_label, exercise, prescription, target_rpe, rest, transfer, sort_order) values (1, 3, 'B', 'B — Thursday', 'Copenhagen plank', '2×20–30s/side', '7', '30–45s', 'Adductors, pelvis control, groin resilience', 6);
insert into prescriptions (block_id, week_number, day_code, day_label, exercise, prescription, target_rpe, rest, transfer, sort_order) values (1, 3, 'C', 'C — Tuesday', 'Rotational scoop toss', '4×4/side', '6–7', '45–60s', 'Rotational power, hip-to-hand transfer', 0);
insert into prescriptions (block_id, week_number, day_code, day_label, exercise, prescription, target_rpe, rest, transfer, sort_order) values (1, 3, 'C', 'C — Tuesday', 'Overhead rear throw', '4×4', '6–7', '45–60s', 'Triple extension and projection force', 1);
insert into prescriptions (block_id, week_number, day_code, day_label, exercise, prescription, target_rpe, rest, transfer, sort_order) values (1, 3, 'C', 'C — Tuesday', 'Band-resisted uchi-komi', '6–8 rounds of 10–15s', '6–7', '20–30s', 'Entry speed, rhythm, posture', 2);
insert into prescriptions (block_id, week_number, day_code, day_label, exercise, prescription, target_rpe, rest, transfer, sort_order) values (1, 3, 'C', 'C — Tuesday', 'Judogi hang', '3×20–30s', '7', '45s', 'Isometric grip endurance', 3);
insert into prescriptions (block_id, week_number, day_code, day_label, exercise, prescription, target_rpe, rest, transfer, sort_order) values (1, 3, 'C', 'C — Tuesday', 'Towel row or rope row', '3×8', '7', '60s', 'Dynamic gripping and pulling', 4);
insert into prescriptions (block_id, week_number, day_code, day_label, exercise, prescription, target_rpe, rest, transfer, sort_order) values (1, 3, 'C', 'C — Tuesday', 'Suitcase carry', '3×20m/side', '7', 'walk-back', 'Lateral trunk stiffness and grip', 5);
insert into prescriptions (block_id, week_number, day_code, day_label, exercise, prescription, target_rpe, rest, transfer, sort_order) values (1, 4, 'A', 'A — Monday', 'Front squat', 'Deload 2×5 @5–6 | 3×6 in Week 1; follow weekly table', '6–8', '2–3 min', 'Base force, posture, bracing, leg drive', 0);
insert into prescriptions (block_id, week_number, day_code, day_label, exercise, prescription, target_rpe, rest, transfer, sort_order) values (1, 4, 'A', 'A — Monday', 'Weighted neutral-grip pull-up', '3×6', '6–8', '2 min', 'Grip, pulling, scapular control', 1);
insert into prescriptions (block_id, week_number, day_code, day_label, exercise, prescription, target_rpe, rest, transfer, sort_order) values (1, 4, 'A', 'A — Monday', 'Low-incline barbell press', '3×8', '6–8', '90–120s', 'Upper-body strength and chest/shoulder hypertrophy', 2);
insert into prescriptions (block_id, week_number, day_code, day_label, exercise, prescription, target_rpe, rest, transfer, sort_order) values (1, 4, 'A', 'A — Monday', 'Romanian deadlift', '3×8', '6–8', '2 min', 'Posterior chain, hip hinge, throw finish strength', 3);
insert into prescriptions (block_id, week_number, day_code, day_label, exercise, prescription, target_rpe, rest, transfer, sort_order) values (1, 4, 'A', 'A — Monday', 'Chest-supported row', '3×10', '7–8', '75–90s', 'Upper-back thickness without extra lumbar fatigue', 4);
insert into prescriptions (block_id, week_number, day_code, day_label, exercise, prescription, target_rpe, rest, transfer, sort_order) values (1, 4, 'A', 'A — Monday', 'Pallof press', '2×10/side', '6–7', '45s', 'Anti-rotation trunk stiffness', 5);
insert into prescriptions (block_id, week_number, day_code, day_label, exercise, prescription, target_rpe, rest, transfer, sort_order) values (1, 4, 'A', 'A — Monday', '4-way neck isometric', '2×15–20s/direction', '6–7', '30–45s', 'Neck robustness', 6);
insert into prescriptions (block_id, week_number, day_code, day_label, exercise, prescription, target_rpe, rest, transfer, sort_order) values (1, 4, 'B', 'B — Thursday', 'Trap-bar deadlift', 'Deload 2×5 @5–6 | 3×5 in Week 1; follow weekly table', '6–8', '2–3 min', 'Whole-body force, leg/hip drive, grip integration', 0);
insert into prescriptions (block_id, week_number, day_code, day_label, exercise, prescription, target_rpe, rest, transfer, sort_order) values (1, 4, 'B', 'B — Thursday', 'Push press', '3×5', '6–8', '2 min', 'Triple extension plus upper-body power', 1);
insert into prescriptions (block_id, week_number, day_code, day_label, exercise, prescription, target_rpe, rest, transfer, sort_order) values (1, 4, 'B', 'B — Thursday', 'Bulgarian split squat', '3×8/leg', '7–8', '75–90s', 'Unilateral force and base stability', 2);
insert into prescriptions (block_id, week_number, day_code, day_label, exercise, prescription, target_rpe, rest, transfer, sort_order) values (1, 4, 'B', 'B — Thursday', 'Flat DB press', '3×8', '7–8', '75–90s', 'Chest and triceps hypertrophy', 3);
insert into prescriptions (block_id, week_number, day_code, day_label, exercise, prescription, target_rpe, rest, transfer, sort_order) values (1, 4, 'B', 'B — Thursday', 'One-arm cable row or seal row', '3×8–10', '7–8', '75–90s', 'Scapular control and upper-back balance', 4);
insert into prescriptions (block_id, week_number, day_code, day_label, exercise, prescription, target_rpe, rest, transfer, sort_order) values (1, 4, 'B', 'B — Thursday', 'Neutral-grip pulldown', '2×10–12', '7', '60–75s', 'Extra vertical-pull volume with lower grip cost', 5);
insert into prescriptions (block_id, week_number, day_code, day_label, exercise, prescription, target_rpe, rest, transfer, sort_order) values (1, 4, 'B', 'B — Thursday', 'Copenhagen plank', '2×20–30s/side', '7', '30–45s', 'Adductors, pelvis control, groin resilience', 6);
insert into prescriptions (block_id, week_number, day_code, day_label, exercise, prescription, target_rpe, rest, transfer, sort_order) values (1, 4, 'C', 'C — Tuesday', 'Rotational scoop toss', '4×4/side', '6–7', '45–60s', 'Rotational power, hip-to-hand transfer', 0);
insert into prescriptions (block_id, week_number, day_code, day_label, exercise, prescription, target_rpe, rest, transfer, sort_order) values (1, 4, 'C', 'C — Tuesday', 'Overhead rear throw', '4×4', '6–7', '45–60s', 'Triple extension and projection force', 1);
insert into prescriptions (block_id, week_number, day_code, day_label, exercise, prescription, target_rpe, rest, transfer, sort_order) values (1, 4, 'C', 'C — Tuesday', 'Band-resisted uchi-komi', '6–8 rounds of 10–15s', '6–7', '20–30s', 'Entry speed, rhythm, posture', 2);
insert into prescriptions (block_id, week_number, day_code, day_label, exercise, prescription, target_rpe, rest, transfer, sort_order) values (1, 4, 'C', 'C — Tuesday', 'Judogi hang', '3×20–30s', '7', '45s', 'Isometric grip endurance', 3);
insert into prescriptions (block_id, week_number, day_code, day_label, exercise, prescription, target_rpe, rest, transfer, sort_order) values (1, 4, 'C', 'C — Tuesday', 'Towel row or rope row', '3×8', '7', '60s', 'Dynamic gripping and pulling', 4);
insert into prescriptions (block_id, week_number, day_code, day_label, exercise, prescription, target_rpe, rest, transfer, sort_order) values (1, 4, 'C', 'C — Tuesday', 'Suitcase carry', '3×20m/side', '7', 'walk-back', 'Lateral trunk stiffness and grip', 5);
insert into prescriptions (block_id, week_number, day_code, day_label, exercise, prescription, target_rpe, rest, transfer, sort_order) values (1, 5, 'A', 'A — Monday', 'Front squat', 'Main lifts 4×5 @7 | 3×6 in Week 1; follow weekly table', '6–8', '2–3 min', 'Base force, posture, bracing, leg drive', 0);
insert into prescriptions (block_id, week_number, day_code, day_label, exercise, prescription, target_rpe, rest, transfer, sort_order) values (1, 5, 'A', 'A — Monday', 'Weighted neutral-grip pull-up', '3×6', '6–8', '2 min', 'Grip, pulling, scapular control', 1);
insert into prescriptions (block_id, week_number, day_code, day_label, exercise, prescription, target_rpe, rest, transfer, sort_order) values (1, 5, 'A', 'A — Monday', 'Low-incline barbell press', '3×8', '6–8', '90–120s', 'Upper-body strength and chest/shoulder hypertrophy', 2);
insert into prescriptions (block_id, week_number, day_code, day_label, exercise, prescription, target_rpe, rest, transfer, sort_order) values (1, 5, 'A', 'A — Monday', 'Romanian deadlift', '3×8', '6–8', '2 min', 'Posterior chain, hip hinge, throw finish strength', 3);
insert into prescriptions (block_id, week_number, day_code, day_label, exercise, prescription, target_rpe, rest, transfer, sort_order) values (1, 5, 'A', 'A — Monday', 'Chest-supported row', '3×10', '7–8', '75–90s', 'Upper-back thickness without extra lumbar fatigue', 4);
insert into prescriptions (block_id, week_number, day_code, day_label, exercise, prescription, target_rpe, rest, transfer, sort_order) values (1, 5, 'A', 'A — Monday', 'Pallof press', '2×10/side', '6–7', '45s', 'Anti-rotation trunk stiffness', 5);
insert into prescriptions (block_id, week_number, day_code, day_label, exercise, prescription, target_rpe, rest, transfer, sort_order) values (1, 5, 'A', 'A — Monday', '4-way neck isometric', '2×15–20s/direction', '6–7', '30–45s', 'Neck robustness', 6);
insert into prescriptions (block_id, week_number, day_code, day_label, exercise, prescription, target_rpe, rest, transfer, sort_order) values (1, 5, 'B', 'B — Thursday', 'Trap-bar deadlift', 'Main lifts 4×5 @7 | 3×5 in Week 1; follow weekly table', '6–8', '2–3 min', 'Whole-body force, leg/hip drive, grip integration', 0);
insert into prescriptions (block_id, week_number, day_code, day_label, exercise, prescription, target_rpe, rest, transfer, sort_order) values (1, 5, 'B', 'B — Thursday', 'Push press', '3×5', '6–8', '2 min', 'Triple extension plus upper-body power', 1);
insert into prescriptions (block_id, week_number, day_code, day_label, exercise, prescription, target_rpe, rest, transfer, sort_order) values (1, 5, 'B', 'B — Thursday', 'Bulgarian split squat', '3×8/leg', '7–8', '75–90s', 'Unilateral force and base stability', 2);
insert into prescriptions (block_id, week_number, day_code, day_label, exercise, prescription, target_rpe, rest, transfer, sort_order) values (1, 5, 'B', 'B — Thursday', 'Flat DB press', '3×8', '7–8', '75–90s', 'Chest and triceps hypertrophy', 3);
insert into prescriptions (block_id, week_number, day_code, day_label, exercise, prescription, target_rpe, rest, transfer, sort_order) values (1, 5, 'B', 'B — Thursday', 'One-arm cable row or seal row', '3×8–10', '7–8', '75–90s', 'Scapular control and upper-back balance', 4);
insert into prescriptions (block_id, week_number, day_code, day_label, exercise, prescription, target_rpe, rest, transfer, sort_order) values (1, 5, 'B', 'B — Thursday', 'Neutral-grip pulldown', '2×10–12', '7', '60–75s', 'Extra vertical-pull volume with lower grip cost', 5);
insert into prescriptions (block_id, week_number, day_code, day_label, exercise, prescription, target_rpe, rest, transfer, sort_order) values (1, 5, 'B', 'B — Thursday', 'Copenhagen plank', '2×20–30s/side', '7', '30–45s', 'Adductors, pelvis control, groin resilience', 6);
insert into prescriptions (block_id, week_number, day_code, day_label, exercise, prescription, target_rpe, rest, transfer, sort_order) values (1, 5, 'C', 'C — Tuesday', 'Rotational scoop toss', '4×4/side', '6–7', '45–60s', 'Rotational power, hip-to-hand transfer', 0);
insert into prescriptions (block_id, week_number, day_code, day_label, exercise, prescription, target_rpe, rest, transfer, sort_order) values (1, 5, 'C', 'C — Tuesday', 'Overhead rear throw', '4×4', '6–7', '45–60s', 'Triple extension and projection force', 1);
insert into prescriptions (block_id, week_number, day_code, day_label, exercise, prescription, target_rpe, rest, transfer, sort_order) values (1, 5, 'C', 'C — Tuesday', 'Band-resisted uchi-komi', '6–8 rounds of 10–15s', '6–7', '20–30s', 'Entry speed, rhythm, posture', 2);
insert into prescriptions (block_id, week_number, day_code, day_label, exercise, prescription, target_rpe, rest, transfer, sort_order) values (1, 5, 'C', 'C — Tuesday', 'Judogi hang', '3×20–30s', '7', '45s', 'Isometric grip endurance', 3);
insert into prescriptions (block_id, week_number, day_code, day_label, exercise, prescription, target_rpe, rest, transfer, sort_order) values (1, 5, 'C', 'C — Tuesday', 'Towel row or rope row', '3×8', '7', '60s', 'Dynamic gripping and pulling', 4);
insert into prescriptions (block_id, week_number, day_code, day_label, exercise, prescription, target_rpe, rest, transfer, sort_order) values (1, 5, 'C', 'C — Tuesday', 'Suitcase carry', '3×20m/side', '7', 'walk-back', 'Lateral trunk stiffness and grip', 5);
insert into prescriptions (block_id, week_number, day_code, day_label, exercise, prescription, target_rpe, rest, transfer, sort_order) values (1, 6, 'A', 'A — Monday', 'Front squat', 'Main lifts 4×5 @7.5 | 3×6 in Week 1; follow weekly table', '6–8', '2–3 min', 'Base force, posture, bracing, leg drive', 0);
insert into prescriptions (block_id, week_number, day_code, day_label, exercise, prescription, target_rpe, rest, transfer, sort_order) values (1, 6, 'A', 'A — Monday', 'Weighted neutral-grip pull-up', '3×6', '6–8', '2 min', 'Grip, pulling, scapular control', 1);
insert into prescriptions (block_id, week_number, day_code, day_label, exercise, prescription, target_rpe, rest, transfer, sort_order) values (1, 6, 'A', 'A — Monday', 'Low-incline barbell press', '3×8', '6–8', '90–120s', 'Upper-body strength and chest/shoulder hypertrophy', 2);
insert into prescriptions (block_id, week_number, day_code, day_label, exercise, prescription, target_rpe, rest, transfer, sort_order) values (1, 6, 'A', 'A — Monday', 'Romanian deadlift', '3×8', '6–8', '2 min', 'Posterior chain, hip hinge, throw finish strength', 3);
insert into prescriptions (block_id, week_number, day_code, day_label, exercise, prescription, target_rpe, rest, transfer, sort_order) values (1, 6, 'A', 'A — Monday', 'Chest-supported row', '3×10', '7–8', '75–90s', 'Upper-back thickness without extra lumbar fatigue', 4);
insert into prescriptions (block_id, week_number, day_code, day_label, exercise, prescription, target_rpe, rest, transfer, sort_order) values (1, 6, 'A', 'A — Monday', 'Pallof press', '2×10/side', '6–7', '45s', 'Anti-rotation trunk stiffness', 5);
insert into prescriptions (block_id, week_number, day_code, day_label, exercise, prescription, target_rpe, rest, transfer, sort_order) values (1, 6, 'A', 'A — Monday', '4-way neck isometric', '2×15–20s/direction', '6–7', '30–45s', 'Neck robustness', 6);
insert into prescriptions (block_id, week_number, day_code, day_label, exercise, prescription, target_rpe, rest, transfer, sort_order) values (1, 6, 'B', 'B — Thursday', 'Trap-bar deadlift', 'Main lifts 4×5 @7.5 | 3×5 in Week 1; follow weekly table', '6–8', '2–3 min', 'Whole-body force, leg/hip drive, grip integration', 0);
insert into prescriptions (block_id, week_number, day_code, day_label, exercise, prescription, target_rpe, rest, transfer, sort_order) values (1, 6, 'B', 'B — Thursday', 'Push press', '3×5', '6–8', '2 min', 'Triple extension plus upper-body power', 1);
insert into prescriptions (block_id, week_number, day_code, day_label, exercise, prescription, target_rpe, rest, transfer, sort_order) values (1, 6, 'B', 'B — Thursday', 'Bulgarian split squat', '3×8/leg', '7–8', '75–90s', 'Unilateral force and base stability', 2);
insert into prescriptions (block_id, week_number, day_code, day_label, exercise, prescription, target_rpe, rest, transfer, sort_order) values (1, 6, 'B', 'B — Thursday', 'Flat DB press', '3×8', '7–8', '75–90s', 'Chest and triceps hypertrophy', 3);
insert into prescriptions (block_id, week_number, day_code, day_label, exercise, prescription, target_rpe, rest, transfer, sort_order) values (1, 6, 'B', 'B — Thursday', 'One-arm cable row or seal row', '3×8–10', '7–8', '75–90s', 'Scapular control and upper-back balance', 4);
insert into prescriptions (block_id, week_number, day_code, day_label, exercise, prescription, target_rpe, rest, transfer, sort_order) values (1, 6, 'B', 'B — Thursday', 'Neutral-grip pulldown', '2×10–12', '7', '60–75s', 'Extra vertical-pull volume with lower grip cost', 5);
insert into prescriptions (block_id, week_number, day_code, day_label, exercise, prescription, target_rpe, rest, transfer, sort_order) values (1, 6, 'B', 'B — Thursday', 'Copenhagen plank', '2×20–30s/side', '7', '30–45s', 'Adductors, pelvis control, groin resilience', 6);
insert into prescriptions (block_id, week_number, day_code, day_label, exercise, prescription, target_rpe, rest, transfer, sort_order) values (1, 6, 'C', 'C — Tuesday', 'Rotational scoop toss', '4×4/side', '6–7', '45–60s', 'Rotational power, hip-to-hand transfer', 0);
insert into prescriptions (block_id, week_number, day_code, day_label, exercise, prescription, target_rpe, rest, transfer, sort_order) values (1, 6, 'C', 'C — Tuesday', 'Overhead rear throw', '4×4', '6–7', '45–60s', 'Triple extension and projection force', 1);
insert into prescriptions (block_id, week_number, day_code, day_label, exercise, prescription, target_rpe, rest, transfer, sort_order) values (1, 6, 'C', 'C — Tuesday', 'Band-resisted uchi-komi', '6–8 rounds of 10–15s', '6–7', '20–30s', 'Entry speed, rhythm, posture', 2);
insert into prescriptions (block_id, week_number, day_code, day_label, exercise, prescription, target_rpe, rest, transfer, sort_order) values (1, 6, 'C', 'C — Tuesday', 'Judogi hang', '3×20–30s', '7', '45s', 'Isometric grip endurance', 3);
insert into prescriptions (block_id, week_number, day_code, day_label, exercise, prescription, target_rpe, rest, transfer, sort_order) values (1, 6, 'C', 'C — Tuesday', 'Towel row or rope row', '3×8', '7', '60s', 'Dynamic gripping and pulling', 4);
insert into prescriptions (block_id, week_number, day_code, day_label, exercise, prescription, target_rpe, rest, transfer, sort_order) values (1, 6, 'C', 'C — Tuesday', 'Suitcase carry', '3×20m/side', '7', 'walk-back', 'Lateral trunk stiffness and grip', 5);
insert into prescriptions (block_id, week_number, day_code, day_label, exercise, prescription, target_rpe, rest, transfer, sort_order) values (1, 7, 'A', 'A — Monday', 'Front squat', 'Main lifts 5×4 @8 | 3×6 in Week 1; follow weekly table', '6–8', '2–3 min', 'Base force, posture, bracing, leg drive', 0);
insert into prescriptions (block_id, week_number, day_code, day_label, exercise, prescription, target_rpe, rest, transfer, sort_order) values (1, 7, 'A', 'A — Monday', 'Weighted neutral-grip pull-up', '3×6', '6–8', '2 min', 'Grip, pulling, scapular control', 1);
insert into prescriptions (block_id, week_number, day_code, day_label, exercise, prescription, target_rpe, rest, transfer, sort_order) values (1, 7, 'A', 'A — Monday', 'Low-incline barbell press', '3×8', '6–8', '90–120s', 'Upper-body strength and chest/shoulder hypertrophy', 2);
insert into prescriptions (block_id, week_number, day_code, day_label, exercise, prescription, target_rpe, rest, transfer, sort_order) values (1, 7, 'A', 'A — Monday', 'Romanian deadlift', '3×8', '6–8', '2 min', 'Posterior chain, hip hinge, throw finish strength', 3);
insert into prescriptions (block_id, week_number, day_code, day_label, exercise, prescription, target_rpe, rest, transfer, sort_order) values (1, 7, 'A', 'A — Monday', 'Chest-supported row', '3×10', '7–8', '75–90s', 'Upper-back thickness without extra lumbar fatigue', 4);
insert into prescriptions (block_id, week_number, day_code, day_label, exercise, prescription, target_rpe, rest, transfer, sort_order) values (1, 7, 'A', 'A — Monday', 'Pallof press', '2×10/side', '6–7', '45s', 'Anti-rotation trunk stiffness', 5);
insert into prescriptions (block_id, week_number, day_code, day_label, exercise, prescription, target_rpe, rest, transfer, sort_order) values (1, 7, 'A', 'A — Monday', '4-way neck isometric', '2×15–20s/direction', '6–7', '30–45s', 'Neck robustness', 6);
insert into prescriptions (block_id, week_number, day_code, day_label, exercise, prescription, target_rpe, rest, transfer, sort_order) values (1, 7, 'B', 'B — Thursday', 'Trap-bar deadlift', 'Main lifts 5×4 @8 | 3×5 in Week 1; follow weekly table', '6–8', '2–3 min', 'Whole-body force, leg/hip drive, grip integration', 0);
insert into prescriptions (block_id, week_number, day_code, day_label, exercise, prescription, target_rpe, rest, transfer, sort_order) values (1, 7, 'B', 'B — Thursday', 'Push press', '3×5', '6–8', '2 min', 'Triple extension plus upper-body power', 1);
insert into prescriptions (block_id, week_number, day_code, day_label, exercise, prescription, target_rpe, rest, transfer, sort_order) values (1, 7, 'B', 'B — Thursday', 'Bulgarian split squat', '3×8/leg', '7–8', '75–90s', 'Unilateral force and base stability', 2);
insert into prescriptions (block_id, week_number, day_code, day_label, exercise, prescription, target_rpe, rest, transfer, sort_order) values (1, 7, 'B', 'B — Thursday', 'Flat DB press', '3×8', '7–8', '75–90s', 'Chest and triceps hypertrophy', 3);
insert into prescriptions (block_id, week_number, day_code, day_label, exercise, prescription, target_rpe, rest, transfer, sort_order) values (1, 7, 'B', 'B — Thursday', 'One-arm cable row or seal row', '3×8–10', '7–8', '75–90s', 'Scapular control and upper-back balance', 4);
insert into prescriptions (block_id, week_number, day_code, day_label, exercise, prescription, target_rpe, rest, transfer, sort_order) values (1, 7, 'B', 'B — Thursday', 'Neutral-grip pulldown', '2×10–12', '7', '60–75s', 'Extra vertical-pull volume with lower grip cost', 5);
insert into prescriptions (block_id, week_number, day_code, day_label, exercise, prescription, target_rpe, rest, transfer, sort_order) values (1, 7, 'B', 'B — Thursday', 'Copenhagen plank', '2×20–30s/side', '7', '30–45s', 'Adductors, pelvis control, groin resilience', 6);
insert into prescriptions (block_id, week_number, day_code, day_label, exercise, prescription, target_rpe, rest, transfer, sort_order) values (1, 7, 'C', 'C — Tuesday', 'Rotational scoop toss', '4×4/side', '6–7', '45–60s', 'Rotational power, hip-to-hand transfer', 0);
insert into prescriptions (block_id, week_number, day_code, day_label, exercise, prescription, target_rpe, rest, transfer, sort_order) values (1, 7, 'C', 'C — Tuesday', 'Overhead rear throw', '4×4', '6–7', '45–60s', 'Triple extension and projection force', 1);
insert into prescriptions (block_id, week_number, day_code, day_label, exercise, prescription, target_rpe, rest, transfer, sort_order) values (1, 7, 'C', 'C — Tuesday', 'Band-resisted uchi-komi', '6–8 rounds of 10–15s', '6–7', '20–30s', 'Entry speed, rhythm, posture', 2);
insert into prescriptions (block_id, week_number, day_code, day_label, exercise, prescription, target_rpe, rest, transfer, sort_order) values (1, 7, 'C', 'C — Tuesday', 'Judogi hang', '3×20–30s', '7', '45s', 'Isometric grip endurance', 3);
insert into prescriptions (block_id, week_number, day_code, day_label, exercise, prescription, target_rpe, rest, transfer, sort_order) values (1, 7, 'C', 'C — Tuesday', 'Towel row or rope row', '3×8', '7', '60s', 'Dynamic gripping and pulling', 4);
insert into prescriptions (block_id, week_number, day_code, day_label, exercise, prescription, target_rpe, rest, transfer, sort_order) values (1, 7, 'C', 'C — Tuesday', 'Suitcase carry', '3×20m/side', '7', 'walk-back', 'Lateral trunk stiffness and grip', 5);
insert into prescriptions (block_id, week_number, day_code, day_label, exercise, prescription, target_rpe, rest, transfer, sort_order) values (1, 8, 'A', 'A — Monday', 'Front squat', 'Deload 2–3×4 @6 | 3×6 in Week 1; follow weekly table', '6–8', '2–3 min', 'Base force, posture, bracing, leg drive', 0);
insert into prescriptions (block_id, week_number, day_code, day_label, exercise, prescription, target_rpe, rest, transfer, sort_order) values (1, 8, 'A', 'A — Monday', 'Weighted neutral-grip pull-up', '3×6', '6–8', '2 min', 'Grip, pulling, scapular control', 1);
insert into prescriptions (block_id, week_number, day_code, day_label, exercise, prescription, target_rpe, rest, transfer, sort_order) values (1, 8, 'A', 'A — Monday', 'Low-incline barbell press', '3×8', '6–8', '90–120s', 'Upper-body strength and chest/shoulder hypertrophy', 2);
insert into prescriptions (block_id, week_number, day_code, day_label, exercise, prescription, target_rpe, rest, transfer, sort_order) values (1, 8, 'A', 'A — Monday', 'Romanian deadlift', '3×8', '6–8', '2 min', 'Posterior chain, hip hinge, throw finish strength', 3);
insert into prescriptions (block_id, week_number, day_code, day_label, exercise, prescription, target_rpe, rest, transfer, sort_order) values (1, 8, 'A', 'A — Monday', 'Chest-supported row', '3×10', '7–8', '75–90s', 'Upper-back thickness without extra lumbar fatigue', 4);
insert into prescriptions (block_id, week_number, day_code, day_label, exercise, prescription, target_rpe, rest, transfer, sort_order) values (1, 8, 'A', 'A — Monday', 'Pallof press', '2×10/side', '6–7', '45s', 'Anti-rotation trunk stiffness', 5);
insert into prescriptions (block_id, week_number, day_code, day_label, exercise, prescription, target_rpe, rest, transfer, sort_order) values (1, 8, 'A', 'A — Monday', '4-way neck isometric', '2×15–20s/direction', '6–7', '30–45s', 'Neck robustness', 6);
insert into prescriptions (block_id, week_number, day_code, day_label, exercise, prescription, target_rpe, rest, transfer, sort_order) values (1, 8, 'B', 'B — Thursday', 'Trap-bar deadlift', 'Deload 2–3×4 @6 | 3×5 in Week 1; follow weekly table', '6–8', '2–3 min', 'Whole-body force, leg/hip drive, grip integration', 0);
insert into prescriptions (block_id, week_number, day_code, day_label, exercise, prescription, target_rpe, rest, transfer, sort_order) values (1, 8, 'B', 'B — Thursday', 'Push press', '3×5', '6–8', '2 min', 'Triple extension plus upper-body power', 1);
insert into prescriptions (block_id, week_number, day_code, day_label, exercise, prescription, target_rpe, rest, transfer, sort_order) values (1, 8, 'B', 'B — Thursday', 'Bulgarian split squat', '3×8/leg', '7–8', '75–90s', 'Unilateral force and base stability', 2);
insert into prescriptions (block_id, week_number, day_code, day_label, exercise, prescription, target_rpe, rest, transfer, sort_order) values (1, 8, 'B', 'B — Thursday', 'Flat DB press', '3×8', '7–8', '75–90s', 'Chest and triceps hypertrophy', 3);
insert into prescriptions (block_id, week_number, day_code, day_label, exercise, prescription, target_rpe, rest, transfer, sort_order) values (1, 8, 'B', 'B — Thursday', 'One-arm cable row or seal row', '3×8–10', '7–8', '75–90s', 'Scapular control and upper-back balance', 4);
insert into prescriptions (block_id, week_number, day_code, day_label, exercise, prescription, target_rpe, rest, transfer, sort_order) values (1, 8, 'B', 'B — Thursday', 'Neutral-grip pulldown', '2×10–12', '7', '60–75s', 'Extra vertical-pull volume with lower grip cost', 5);
insert into prescriptions (block_id, week_number, day_code, day_label, exercise, prescription, target_rpe, rest, transfer, sort_order) values (1, 8, 'B', 'B — Thursday', 'Copenhagen plank', '2×20–30s/side', '7', '30–45s', 'Adductors, pelvis control, groin resilience', 6);
insert into prescriptions (block_id, week_number, day_code, day_label, exercise, prescription, target_rpe, rest, transfer, sort_order) values (1, 8, 'C', 'C — Tuesday', 'Rotational scoop toss', '4×4/side', '6–7', '45–60s', 'Rotational power, hip-to-hand transfer', 0);
insert into prescriptions (block_id, week_number, day_code, day_label, exercise, prescription, target_rpe, rest, transfer, sort_order) values (1, 8, 'C', 'C — Tuesday', 'Overhead rear throw', '4×4', '6–7', '45–60s', 'Triple extension and projection force', 1);
insert into prescriptions (block_id, week_number, day_code, day_label, exercise, prescription, target_rpe, rest, transfer, sort_order) values (1, 8, 'C', 'C — Tuesday', 'Band-resisted uchi-komi', '6–8 rounds of 10–15s', '6–7', '20–30s', 'Entry speed, rhythm, posture', 2);
insert into prescriptions (block_id, week_number, day_code, day_label, exercise, prescription, target_rpe, rest, transfer, sort_order) values (1, 8, 'C', 'C — Tuesday', 'Judogi hang', '3×20–30s', '7', '45s', 'Isometric grip endurance', 3);
insert into prescriptions (block_id, week_number, day_code, day_label, exercise, prescription, target_rpe, rest, transfer, sort_order) values (1, 8, 'C', 'C — Tuesday', 'Towel row or rope row', '3×8', '7', '60s', 'Dynamic gripping and pulling', 4);
insert into prescriptions (block_id, week_number, day_code, day_label, exercise, prescription, target_rpe, rest, transfer, sort_order) values (1, 8, 'C', 'C — Tuesday', 'Suitcase carry', '3×20m/side', '7', 'walk-back', 'Lateral trunk stiffness and grip', 5);
insert into prescriptions (block_id, week_number, day_code, day_label, exercise, prescription, target_rpe, rest, transfer, sort_order) values (1, 9, 'A', 'A — Monday', 'Front squat', 'Main lifts 4×4 @7.5 | 3×6 in Week 1; follow weekly table', '6–8', '2–3 min', 'Base force, posture, bracing, leg drive', 0);
insert into prescriptions (block_id, week_number, day_code, day_label, exercise, prescription, target_rpe, rest, transfer, sort_order) values (1, 9, 'A', 'A — Monday', 'Weighted neutral-grip pull-up', '3×6', '6–8', '2 min', 'Grip, pulling, scapular control', 1);
insert into prescriptions (block_id, week_number, day_code, day_label, exercise, prescription, target_rpe, rest, transfer, sort_order) values (1, 9, 'A', 'A — Monday', 'Low-incline barbell press', '3×8', '6–8', '90–120s', 'Upper-body strength and chest/shoulder hypertrophy', 2);
insert into prescriptions (block_id, week_number, day_code, day_label, exercise, prescription, target_rpe, rest, transfer, sort_order) values (1, 9, 'A', 'A — Monday', 'Romanian deadlift', '3×8', '6–8', '2 min', 'Posterior chain, hip hinge, throw finish strength', 3);
insert into prescriptions (block_id, week_number, day_code, day_label, exercise, prescription, target_rpe, rest, transfer, sort_order) values (1, 9, 'A', 'A — Monday', 'Chest-supported row', '3×10', '7–8', '75–90s', 'Upper-back thickness without extra lumbar fatigue', 4);
insert into prescriptions (block_id, week_number, day_code, day_label, exercise, prescription, target_rpe, rest, transfer, sort_order) values (1, 9, 'A', 'A — Monday', 'Pallof press', '2×10/side', '6–7', '45s', 'Anti-rotation trunk stiffness', 5);
insert into prescriptions (block_id, week_number, day_code, day_label, exercise, prescription, target_rpe, rest, transfer, sort_order) values (1, 9, 'A', 'A — Monday', '4-way neck isometric', '2×15–20s/direction', '6–7', '30–45s', 'Neck robustness', 6);
insert into prescriptions (block_id, week_number, day_code, day_label, exercise, prescription, target_rpe, rest, transfer, sort_order) values (1, 9, 'B', 'B — Thursday', 'Trap-bar deadlift', 'Main lifts 4×4 @7.5 | 3×5 in Week 1; follow weekly table', '6–8', '2–3 min', 'Whole-body force, leg/hip drive, grip integration', 0);
insert into prescriptions (block_id, week_number, day_code, day_label, exercise, prescription, target_rpe, rest, transfer, sort_order) values (1, 9, 'B', 'B — Thursday', 'Push press', '3×5', '6–8', '2 min', 'Triple extension plus upper-body power', 1);
insert into prescriptions (block_id, week_number, day_code, day_label, exercise, prescription, target_rpe, rest, transfer, sort_order) values (1, 9, 'B', 'B — Thursday', 'Bulgarian split squat', '3×8/leg', '7–8', '75–90s', 'Unilateral force and base stability', 2);
insert into prescriptions (block_id, week_number, day_code, day_label, exercise, prescription, target_rpe, rest, transfer, sort_order) values (1, 9, 'B', 'B — Thursday', 'Flat DB press', '3×8', '7–8', '75–90s', 'Chest and triceps hypertrophy', 3);
insert into prescriptions (block_id, week_number, day_code, day_label, exercise, prescription, target_rpe, rest, transfer, sort_order) values (1, 9, 'B', 'B — Thursday', 'One-arm cable row or seal row', '3×8–10', '7–8', '75–90s', 'Scapular control and upper-back balance', 4);
insert into prescriptions (block_id, week_number, day_code, day_label, exercise, prescription, target_rpe, rest, transfer, sort_order) values (1, 9, 'B', 'B — Thursday', 'Neutral-grip pulldown', '2×10–12', '7', '60–75s', 'Extra vertical-pull volume with lower grip cost', 5);
insert into prescriptions (block_id, week_number, day_code, day_label, exercise, prescription, target_rpe, rest, transfer, sort_order) values (1, 9, 'B', 'B — Thursday', 'Copenhagen plank', '2×20–30s/side', '7', '30–45s', 'Adductors, pelvis control, groin resilience', 6);
insert into prescriptions (block_id, week_number, day_code, day_label, exercise, prescription, target_rpe, rest, transfer, sort_order) values (1, 9, 'C', 'C — Tuesday', 'Rotational scoop toss', '4×4/side', '6–7', '45–60s', 'Rotational power, hip-to-hand transfer', 0);
insert into prescriptions (block_id, week_number, day_code, day_label, exercise, prescription, target_rpe, rest, transfer, sort_order) values (1, 9, 'C', 'C — Tuesday', 'Overhead rear throw', '4×4', '6–7', '45–60s', 'Triple extension and projection force', 1);
insert into prescriptions (block_id, week_number, day_code, day_label, exercise, prescription, target_rpe, rest, transfer, sort_order) values (1, 9, 'C', 'C — Tuesday', 'Band-resisted uchi-komi', '6–8 rounds of 10–15s', '6–7', '20–30s', 'Entry speed, rhythm, posture', 2);
insert into prescriptions (block_id, week_number, day_code, day_label, exercise, prescription, target_rpe, rest, transfer, sort_order) values (1, 9, 'C', 'C — Tuesday', 'Judogi hang', '3×20–30s', '7', '45s', 'Isometric grip endurance', 3);
insert into prescriptions (block_id, week_number, day_code, day_label, exercise, prescription, target_rpe, rest, transfer, sort_order) values (1, 9, 'C', 'C — Tuesday', 'Towel row or rope row', '3×8', '7', '60s', 'Dynamic gripping and pulling', 4);
insert into prescriptions (block_id, week_number, day_code, day_label, exercise, prescription, target_rpe, rest, transfer, sort_order) values (1, 9, 'C', 'C — Tuesday', 'Suitcase carry', '3×20m/side', '7', 'walk-back', 'Lateral trunk stiffness and grip', 5);
insert into prescriptions (block_id, week_number, day_code, day_label, exercise, prescription, target_rpe, rest, transfer, sort_order) values (1, 10, 'A', 'A — Monday', 'Front squat', 'Main lifts 5×4 @8 | 3×6 in Week 1; follow weekly table', '6–8', '2–3 min', 'Base force, posture, bracing, leg drive', 0);
insert into prescriptions (block_id, week_number, day_code, day_label, exercise, prescription, target_rpe, rest, transfer, sort_order) values (1, 10, 'A', 'A — Monday', 'Weighted neutral-grip pull-up', '3×6', '6–8', '2 min', 'Grip, pulling, scapular control', 1);
insert into prescriptions (block_id, week_number, day_code, day_label, exercise, prescription, target_rpe, rest, transfer, sort_order) values (1, 10, 'A', 'A — Monday', 'Low-incline barbell press', '3×8', '6–8', '90–120s', 'Upper-body strength and chest/shoulder hypertrophy', 2);
insert into prescriptions (block_id, week_number, day_code, day_label, exercise, prescription, target_rpe, rest, transfer, sort_order) values (1, 10, 'A', 'A — Monday', 'Romanian deadlift', '3×8', '6–8', '2 min', 'Posterior chain, hip hinge, throw finish strength', 3);
insert into prescriptions (block_id, week_number, day_code, day_label, exercise, prescription, target_rpe, rest, transfer, sort_order) values (1, 10, 'A', 'A — Monday', 'Chest-supported row', '3×10', '7–8', '75–90s', 'Upper-back thickness without extra lumbar fatigue', 4);
insert into prescriptions (block_id, week_number, day_code, day_label, exercise, prescription, target_rpe, rest, transfer, sort_order) values (1, 10, 'A', 'A — Monday', 'Pallof press', '2×10/side', '6–7', '45s', 'Anti-rotation trunk stiffness', 5);
insert into prescriptions (block_id, week_number, day_code, day_label, exercise, prescription, target_rpe, rest, transfer, sort_order) values (1, 10, 'A', 'A — Monday', '4-way neck isometric', '2×15–20s/direction', '6–7', '30–45s', 'Neck robustness', 6);
insert into prescriptions (block_id, week_number, day_code, day_label, exercise, prescription, target_rpe, rest, transfer, sort_order) values (1, 10, 'B', 'B — Thursday', 'Trap-bar deadlift', 'Main lifts 5×4 @8 | 3×5 in Week 1; follow weekly table', '6–8', '2–3 min', 'Whole-body force, leg/hip drive, grip integration', 0);
insert into prescriptions (block_id, week_number, day_code, day_label, exercise, prescription, target_rpe, rest, transfer, sort_order) values (1, 10, 'B', 'B — Thursday', 'Push press', '3×5', '6–8', '2 min', 'Triple extension plus upper-body power', 1);
insert into prescriptions (block_id, week_number, day_code, day_label, exercise, prescription, target_rpe, rest, transfer, sort_order) values (1, 10, 'B', 'B — Thursday', 'Bulgarian split squat', '3×8/leg', '7–8', '75–90s', 'Unilateral force and base stability', 2);
insert into prescriptions (block_id, week_number, day_code, day_label, exercise, prescription, target_rpe, rest, transfer, sort_order) values (1, 10, 'B', 'B — Thursday', 'Flat DB press', '3×8', '7–8', '75–90s', 'Chest and triceps hypertrophy', 3);
insert into prescriptions (block_id, week_number, day_code, day_label, exercise, prescription, target_rpe, rest, transfer, sort_order) values (1, 10, 'B', 'B — Thursday', 'One-arm cable row or seal row', '3×8–10', '7–8', '75–90s', 'Scapular control and upper-back balance', 4);
insert into prescriptions (block_id, week_number, day_code, day_label, exercise, prescription, target_rpe, rest, transfer, sort_order) values (1, 10, 'B', 'B — Thursday', 'Neutral-grip pulldown', '2×10–12', '7', '60–75s', 'Extra vertical-pull volume with lower grip cost', 5);
insert into prescriptions (block_id, week_number, day_code, day_label, exercise, prescription, target_rpe, rest, transfer, sort_order) values (1, 10, 'B', 'B — Thursday', 'Copenhagen plank', '2×20–30s/side', '7', '30–45s', 'Adductors, pelvis control, groin resilience', 6);
insert into prescriptions (block_id, week_number, day_code, day_label, exercise, prescription, target_rpe, rest, transfer, sort_order) values (1, 10, 'C', 'C — Tuesday', 'Rotational scoop toss', '4×4/side', '6–7', '45–60s', 'Rotational power, hip-to-hand transfer', 0);
insert into prescriptions (block_id, week_number, day_code, day_label, exercise, prescription, target_rpe, rest, transfer, sort_order) values (1, 10, 'C', 'C — Tuesday', 'Overhead rear throw', '4×4', '6–7', '45–60s', 'Triple extension and projection force', 1);
insert into prescriptions (block_id, week_number, day_code, day_label, exercise, prescription, target_rpe, rest, transfer, sort_order) values (1, 10, 'C', 'C — Tuesday', 'Band-resisted uchi-komi', '6–8 rounds of 10–15s', '6–7', '20–30s', 'Entry speed, rhythm, posture', 2);
insert into prescriptions (block_id, week_number, day_code, day_label, exercise, prescription, target_rpe, rest, transfer, sort_order) values (1, 10, 'C', 'C — Tuesday', 'Judogi hang', '3×20–30s', '7', '45s', 'Isometric grip endurance', 3);
insert into prescriptions (block_id, week_number, day_code, day_label, exercise, prescription, target_rpe, rest, transfer, sort_order) values (1, 10, 'C', 'C — Tuesday', 'Towel row or rope row', '3×8', '7', '60s', 'Dynamic gripping and pulling', 4);
insert into prescriptions (block_id, week_number, day_code, day_label, exercise, prescription, target_rpe, rest, transfer, sort_order) values (1, 10, 'C', 'C — Tuesday', 'Suitcase carry', '3×20m/side', '7', 'walk-back', 'Lateral trunk stiffness and grip', 5);
insert into prescriptions (block_id, week_number, day_code, day_label, exercise, prescription, target_rpe, rest, transfer, sort_order) values (1, 11, 'A', 'A — Monday', 'Front squat', 'Main lifts 4×3 @8 | 3×6 in Week 1; follow weekly table', '6–8', '2–3 min', 'Base force, posture, bracing, leg drive', 0);
insert into prescriptions (block_id, week_number, day_code, day_label, exercise, prescription, target_rpe, rest, transfer, sort_order) values (1, 11, 'A', 'A — Monday', 'Weighted neutral-grip pull-up', '3×6', '6–8', '2 min', 'Grip, pulling, scapular control', 1);
insert into prescriptions (block_id, week_number, day_code, day_label, exercise, prescription, target_rpe, rest, transfer, sort_order) values (1, 11, 'A', 'A — Monday', 'Low-incline barbell press', '3×8', '6–8', '90–120s', 'Upper-body strength and chest/shoulder hypertrophy', 2);
insert into prescriptions (block_id, week_number, day_code, day_label, exercise, prescription, target_rpe, rest, transfer, sort_order) values (1, 11, 'A', 'A — Monday', 'Romanian deadlift', '3×8', '6–8', '2 min', 'Posterior chain, hip hinge, throw finish strength', 3);
insert into prescriptions (block_id, week_number, day_code, day_label, exercise, prescription, target_rpe, rest, transfer, sort_order) values (1, 11, 'A', 'A — Monday', 'Chest-supported row', '3×10', '7–8', '75–90s', 'Upper-back thickness without extra lumbar fatigue', 4);
insert into prescriptions (block_id, week_number, day_code, day_label, exercise, prescription, target_rpe, rest, transfer, sort_order) values (1, 11, 'A', 'A — Monday', 'Pallof press', '2×10/side', '6–7', '45s', 'Anti-rotation trunk stiffness', 5);
insert into prescriptions (block_id, week_number, day_code, day_label, exercise, prescription, target_rpe, rest, transfer, sort_order) values (1, 11, 'A', 'A — Monday', '4-way neck isometric', '2×15–20s/direction', '6–7', '30–45s', 'Neck robustness', 6);
insert into prescriptions (block_id, week_number, day_code, day_label, exercise, prescription, target_rpe, rest, transfer, sort_order) values (1, 11, 'B', 'B — Thursday', 'Trap-bar deadlift', 'Main lifts 4×3 @8 | 3×5 in Week 1; follow weekly table', '6–8', '2–3 min', 'Whole-body force, leg/hip drive, grip integration', 0);
insert into prescriptions (block_id, week_number, day_code, day_label, exercise, prescription, target_rpe, rest, transfer, sort_order) values (1, 11, 'B', 'B — Thursday', 'Push press', '3×5', '6–8', '2 min', 'Triple extension plus upper-body power', 1);
insert into prescriptions (block_id, week_number, day_code, day_label, exercise, prescription, target_rpe, rest, transfer, sort_order) values (1, 11, 'B', 'B — Thursday', 'Bulgarian split squat', '3×8/leg', '7–8', '75–90s', 'Unilateral force and base stability', 2);
insert into prescriptions (block_id, week_number, day_code, day_label, exercise, prescription, target_rpe, rest, transfer, sort_order) values (1, 11, 'B', 'B — Thursday', 'Flat DB press', '3×8', '7–8', '75–90s', 'Chest and triceps hypertrophy', 3);
insert into prescriptions (block_id, week_number, day_code, day_label, exercise, prescription, target_rpe, rest, transfer, sort_order) values (1, 11, 'B', 'B — Thursday', 'One-arm cable row or seal row', '3×8–10', '7–8', '75–90s', 'Scapular control and upper-back balance', 4);
insert into prescriptions (block_id, week_number, day_code, day_label, exercise, prescription, target_rpe, rest, transfer, sort_order) values (1, 11, 'B', 'B — Thursday', 'Neutral-grip pulldown', '2×10–12', '7', '60–75s', 'Extra vertical-pull volume with lower grip cost', 5);
insert into prescriptions (block_id, week_number, day_code, day_label, exercise, prescription, target_rpe, rest, transfer, sort_order) values (1, 11, 'B', 'B — Thursday', 'Copenhagen plank', '2×20–30s/side', '7', '30–45s', 'Adductors, pelvis control, groin resilience', 6);
insert into prescriptions (block_id, week_number, day_code, day_label, exercise, prescription, target_rpe, rest, transfer, sort_order) values (1, 11, 'C', 'C — Tuesday', 'Rotational scoop toss', '4×4/side', '6–7', '45–60s', 'Rotational power, hip-to-hand transfer', 0);
insert into prescriptions (block_id, week_number, day_code, day_label, exercise, prescription, target_rpe, rest, transfer, sort_order) values (1, 11, 'C', 'C — Tuesday', 'Overhead rear throw', '4×4', '6–7', '45–60s', 'Triple extension and projection force', 1);
insert into prescriptions (block_id, week_number, day_code, day_label, exercise, prescription, target_rpe, rest, transfer, sort_order) values (1, 11, 'C', 'C — Tuesday', 'Band-resisted uchi-komi', '6–8 rounds of 10–15s', '6–7', '20–30s', 'Entry speed, rhythm, posture', 2);
insert into prescriptions (block_id, week_number, day_code, day_label, exercise, prescription, target_rpe, rest, transfer, sort_order) values (1, 11, 'C', 'C — Tuesday', 'Judogi hang', '3×20–30s', '7', '45s', 'Isometric grip endurance', 3);
insert into prescriptions (block_id, week_number, day_code, day_label, exercise, prescription, target_rpe, rest, transfer, sort_order) values (1, 11, 'C', 'C — Tuesday', 'Towel row or rope row', '3×8', '7', '60s', 'Dynamic gripping and pulling', 4);
insert into prescriptions (block_id, week_number, day_code, day_label, exercise, prescription, target_rpe, rest, transfer, sort_order) values (1, 11, 'C', 'C — Tuesday', 'Suitcase carry', '3×20m/side', '7', 'walk-back', 'Lateral trunk stiffness and grip', 5);
insert into prescriptions (block_id, week_number, day_code, day_label, exercise, prescription, target_rpe, rest, transfer, sort_order) values (1, 12, 'A', 'A — Monday', 'Front squat', 'Deload / assessment 3×3 @6–7 | 3×6 in Week 1; follow weekly table', '6–8', '2–3 min', 'Base force, posture, bracing, leg drive', 0);
insert into prescriptions (block_id, week_number, day_code, day_label, exercise, prescription, target_rpe, rest, transfer, sort_order) values (1, 12, 'A', 'A — Monday', 'Weighted neutral-grip pull-up', '3×6', '6–8', '2 min', 'Grip, pulling, scapular control', 1);
insert into prescriptions (block_id, week_number, day_code, day_label, exercise, prescription, target_rpe, rest, transfer, sort_order) values (1, 12, 'A', 'A — Monday', 'Low-incline barbell press', '3×8', '6–8', '90–120s', 'Upper-body strength and chest/shoulder hypertrophy', 2);
insert into prescriptions (block_id, week_number, day_code, day_label, exercise, prescription, target_rpe, rest, transfer, sort_order) values (1, 12, 'A', 'A — Monday', 'Romanian deadlift', '3×8', '6–8', '2 min', 'Posterior chain, hip hinge, throw finish strength', 3);
insert into prescriptions (block_id, week_number, day_code, day_label, exercise, prescription, target_rpe, rest, transfer, sort_order) values (1, 12, 'A', 'A — Monday', 'Chest-supported row', '3×10', '7–8', '75–90s', 'Upper-back thickness without extra lumbar fatigue', 4);
insert into prescriptions (block_id, week_number, day_code, day_label, exercise, prescription, target_rpe, rest, transfer, sort_order) values (1, 12, 'A', 'A — Monday', 'Pallof press', '2×10/side', '6–7', '45s', 'Anti-rotation trunk stiffness', 5);
insert into prescriptions (block_id, week_number, day_code, day_label, exercise, prescription, target_rpe, rest, transfer, sort_order) values (1, 12, 'A', 'A — Monday', '4-way neck isometric', '2×15–20s/direction', '6–7', '30–45s', 'Neck robustness', 6);
insert into prescriptions (block_id, week_number, day_code, day_label, exercise, prescription, target_rpe, rest, transfer, sort_order) values (1, 12, 'B', 'B — Thursday', 'Trap-bar deadlift', 'Deload / assessment 3×3 @6–7 | 3×5 in Week 1; follow weekly table', '6–8', '2–3 min', 'Whole-body force, leg/hip drive, grip integration', 0);
insert into prescriptions (block_id, week_number, day_code, day_label, exercise, prescription, target_rpe, rest, transfer, sort_order) values (1, 12, 'B', 'B — Thursday', 'Push press', '3×5', '6–8', '2 min', 'Triple extension plus upper-body power', 1);
insert into prescriptions (block_id, week_number, day_code, day_label, exercise, prescription, target_rpe, rest, transfer, sort_order) values (1, 12, 'B', 'B — Thursday', 'Bulgarian split squat', '3×8/leg', '7–8', '75–90s', 'Unilateral force and base stability', 2);
insert into prescriptions (block_id, week_number, day_code, day_label, exercise, prescription, target_rpe, rest, transfer, sort_order) values (1, 12, 'B', 'B — Thursday', 'Flat DB press', '3×8', '7–8', '75–90s', 'Chest and triceps hypertrophy', 3);
insert into prescriptions (block_id, week_number, day_code, day_label, exercise, prescription, target_rpe, rest, transfer, sort_order) values (1, 12, 'B', 'B — Thursday', 'One-arm cable row or seal row', '3×8–10', '7–8', '75–90s', 'Scapular control and upper-back balance', 4);
insert into prescriptions (block_id, week_number, day_code, day_label, exercise, prescription, target_rpe, rest, transfer, sort_order) values (1, 12, 'B', 'B — Thursday', 'Neutral-grip pulldown', '2×10–12', '7', '60–75s', 'Extra vertical-pull volume with lower grip cost', 5);
insert into prescriptions (block_id, week_number, day_code, day_label, exercise, prescription, target_rpe, rest, transfer, sort_order) values (1, 12, 'B', 'B — Thursday', 'Copenhagen plank', '2×20–30s/side', '7', '30–45s', 'Adductors, pelvis control, groin resilience', 6);
insert into prescriptions (block_id, week_number, day_code, day_label, exercise, prescription, target_rpe, rest, transfer, sort_order) values (1, 12, 'C', 'C — Tuesday', 'Rotational scoop toss', '4×4/side', '6–7', '45–60s', 'Rotational power, hip-to-hand transfer', 0);
insert into prescriptions (block_id, week_number, day_code, day_label, exercise, prescription, target_rpe, rest, transfer, sort_order) values (1, 12, 'C', 'C — Tuesday', 'Overhead rear throw', '4×4', '6–7', '45–60s', 'Triple extension and projection force', 1);
insert into prescriptions (block_id, week_number, day_code, day_label, exercise, prescription, target_rpe, rest, transfer, sort_order) values (1, 12, 'C', 'C — Tuesday', 'Band-resisted uchi-komi', '6–8 rounds of 10–15s', '6–7', '20–30s', 'Entry speed, rhythm, posture', 2);
insert into prescriptions (block_id, week_number, day_code, day_label, exercise, prescription, target_rpe, rest, transfer, sort_order) values (1, 12, 'C', 'C — Tuesday', 'Judogi hang', '3×20–30s', '7', '45s', 'Isometric grip endurance', 3);
insert into prescriptions (block_id, week_number, day_code, day_label, exercise, prescription, target_rpe, rest, transfer, sort_order) values (1, 12, 'C', 'C — Tuesday', 'Towel row or rope row', '3×8', '7', '60s', 'Dynamic gripping and pulling', 4);
insert into prescriptions (block_id, week_number, day_code, day_label, exercise, prescription, target_rpe, rest, transfer, sort_order) values (1, 12, 'C', 'C — Tuesday', 'Suitcase carry', '3×20m/side', '7', 'walk-back', 'Lateral trunk stiffness and grip', 5);

-- exercise_library (block 1)
insert into exercise_library (block_id, day_code, day_label, exercise, default_prescription, rpe, rest, transfer, sort_order) values (1, 'A', 'A — Monday', 'Front squat', '3×6 in Week 1; follow weekly table', '6–8', '2–3 min', 'Base force, posture, bracing, leg drive', 0);
insert into exercise_library (block_id, day_code, day_label, exercise, default_prescription, rpe, rest, transfer, sort_order) values (1, 'A', 'A — Monday', 'Weighted neutral-grip pull-up', '3×6', '6–8', '2 min', 'Grip, pulling, scapular control', 1);
insert into exercise_library (block_id, day_code, day_label, exercise, default_prescription, rpe, rest, transfer, sort_order) values (1, 'A', 'A — Monday', 'Low-incline barbell press', '3×8', '6–8', '90–120s', 'Upper-body strength and chest/shoulder hypertrophy', 2);
insert into exercise_library (block_id, day_code, day_label, exercise, default_prescription, rpe, rest, transfer, sort_order) values (1, 'A', 'A — Monday', 'Romanian deadlift', '3×8', '6–8', '2 min', 'Posterior chain, hip hinge, throw finish strength', 3);
insert into exercise_library (block_id, day_code, day_label, exercise, default_prescription, rpe, rest, transfer, sort_order) values (1, 'A', 'A — Monday', 'Chest-supported row', '3×10', '7–8', '75–90s', 'Upper-back thickness without extra lumbar fatigue', 4);
insert into exercise_library (block_id, day_code, day_label, exercise, default_prescription, rpe, rest, transfer, sort_order) values (1, 'A', 'A — Monday', 'Pallof press', '2×10/side', '6–7', '45s', 'Anti-rotation trunk stiffness', 5);
insert into exercise_library (block_id, day_code, day_label, exercise, default_prescription, rpe, rest, transfer, sort_order) values (1, 'A', 'A — Monday', '4-way neck isometric', '2×15–20s/direction', '6–7', '30–45s', 'Neck robustness', 6);
insert into exercise_library (block_id, day_code, day_label, exercise, default_prescription, rpe, rest, transfer, sort_order) values (1, 'B', 'B — Thursday', 'Trap-bar deadlift', '3×5 in Week 1; follow weekly table', '6–8', '2–3 min', 'Whole-body force, leg/hip drive, grip integration', 7);
insert into exercise_library (block_id, day_code, day_label, exercise, default_prescription, rpe, rest, transfer, sort_order) values (1, 'B', 'B — Thursday', 'Push press', '3×5', '6–8', '2 min', 'Triple extension plus upper-body power', 8);
insert into exercise_library (block_id, day_code, day_label, exercise, default_prescription, rpe, rest, transfer, sort_order) values (1, 'B', 'B — Thursday', 'Bulgarian split squat', '3×8/leg', '7–8', '75–90s', 'Unilateral force and base stability', 9);
insert into exercise_library (block_id, day_code, day_label, exercise, default_prescription, rpe, rest, transfer, sort_order) values (1, 'B', 'B — Thursday', 'Flat DB press', '3×8', '7–8', '75–90s', 'Chest and triceps hypertrophy', 10);
insert into exercise_library (block_id, day_code, day_label, exercise, default_prescription, rpe, rest, transfer, sort_order) values (1, 'B', 'B — Thursday', 'One-arm cable row or seal row', '3×8–10', '7–8', '75–90s', 'Scapular control and upper-back balance', 11);
insert into exercise_library (block_id, day_code, day_label, exercise, default_prescription, rpe, rest, transfer, sort_order) values (1, 'B', 'B — Thursday', 'Neutral-grip pulldown', '2×10–12', '7', '60–75s', 'Extra vertical-pull volume with lower grip cost', 12);
insert into exercise_library (block_id, day_code, day_label, exercise, default_prescription, rpe, rest, transfer, sort_order) values (1, 'B', 'B — Thursday', 'Copenhagen plank', '2×20–30s/side', '7', '30–45s', 'Adductors, pelvis control, groin resilience', 13);
insert into exercise_library (block_id, day_code, day_label, exercise, default_prescription, rpe, rest, transfer, sort_order) values (1, 'C', 'C — Tuesday', 'Rotational scoop toss', '4×4/side', '6–7', '45–60s', 'Rotational power, hip-to-hand transfer', 14);
insert into exercise_library (block_id, day_code, day_label, exercise, default_prescription, rpe, rest, transfer, sort_order) values (1, 'C', 'C — Tuesday', 'Overhead rear throw', '4×4', '6–7', '45–60s', 'Triple extension and projection force', 15);
insert into exercise_library (block_id, day_code, day_label, exercise, default_prescription, rpe, rest, transfer, sort_order) values (1, 'C', 'C — Tuesday', 'Band-resisted uchi-komi', '6–8 rounds of 10–15s', '6–7', '20–30s', 'Entry speed, rhythm, posture', 16);
insert into exercise_library (block_id, day_code, day_label, exercise, default_prescription, rpe, rest, transfer, sort_order) values (1, 'C', 'C — Tuesday', 'Judogi hang', '3×20–30s', '7', '45s', 'Isometric grip endurance', 17);
insert into exercise_library (block_id, day_code, day_label, exercise, default_prescription, rpe, rest, transfer, sort_order) values (1, 'C', 'C — Tuesday', 'Towel row or rope row', '3×8', '7', '60s', 'Dynamic gripping and pulling', 18);
insert into exercise_library (block_id, day_code, day_label, exercise, default_prescription, rpe, rest, transfer, sort_order) values (1, 'C', 'C — Tuesday', 'Suitcase carry', '3×20m/side', '7', 'walk-back', 'Lateral trunk stiffness and grip', 19);

-- progression_rules (block 1)
insert into progression_rules (block_id, rule, implementation, sort_order) values (1, 'Primary lifts', 'Add 2.5–5 kg only when all work sets land at/below target RPE with clean speed.', 0);
insert into progression_rules (block_id, rule, implementation, sort_order) values (1, 'Pull-ups', 'Double progression: add 1.25–2.5 kg when all sets hit top reps at RPE ≤8.', 1);
insert into progression_rules (block_id, rule, implementation, sort_order) values (1, 'Accessories', 'Double progression inside rep band; cut accessories first after hard randori.', 2);
insert into progression_rules (block_id, rule, implementation, sort_order) values (1, 'Day C', 'Progress technique → density → band tension; never turn it into a conditioning beatdown.', 3);

-- program_weeks (block 2)
insert into program_weeks (week_number, block_id, focus, day_a_main, day_b_main, day_c_focus, hard_sets, main_rpe) values (13, 2, 'Strength base', '4×5 @7', '4×5 @7', 'Alactic throws, crisp band entries', 25, 7);
insert into program_weeks (week_number, block_id, focus, day_a_main, day_b_main, day_c_focus, hard_sets, main_rpe) values (14, 2, 'Build intensity', '5×4 @7.5', '5×4 @7.5', 'Heavier med-ball, same contacts', 27, 7.5);
insert into program_weeks (week_number, block_id, focus, day_a_main, day_b_main, day_c_focus, hard_sets, main_rpe) values (15, 2, 'Heavy triples', '5×3 @8', '5×3 @8', 'Powerful short bouts; more rest', 27, 8);
insert into program_weeks (week_number, block_id, focus, day_a_main, day_b_main, day_c_focus, hard_sets, main_rpe) values (16, 2, 'Deload', 'Deload 3×3 @6', 'Deload 3×3 @6', 'Grip only if fresh', 16, 6);
insert into program_weeks (week_number, block_id, focus, day_a_main, day_b_main, day_c_focus, hard_sets, main_rpe) values (17, 2, 'Rebuild', '4×4 @7.5', '4×4 @7.5', 'Reintroduce fast entries', 24, 7.5);
insert into program_weeks (week_number, block_id, focus, day_a_main, day_b_main, day_c_focus, hard_sets, main_rpe) values (18, 2, 'Strength density', '5×3 @8', '5×3 @8', 'Add one set of gi hangs', 26, 8);
insert into program_weeks (week_number, block_id, focus, day_a_main, day_b_main, day_c_focus, hard_sets, main_rpe) values (19, 2, 'Peak force density', '6×2 @8–8.5', '6×2 @8–8.5', 'Peak force block density', 26, 8.5);
insert into program_weeks (week_number, block_id, focus, day_a_main, day_b_main, day_c_focus, hard_sets, main_rpe) values (20, 2, 'Deload', 'Deload 3×2 @6', 'Deload 3×2 @6', 'Technical day only', 14, 6);
insert into program_weeks (week_number, block_id, focus, day_a_main, day_b_main, day_c_focus, hard_sets, main_rpe) values (21, 2, 'Top set wave', 'Top set 1×3 @8 + 3×3 back-off', 'Top set 1×3 @8 + 3×3 back-off', 'High-quality power entries', 22, 8);
insert into program_weeks (week_number, block_id, focus, day_a_main, day_b_main, day_c_focus, hard_sets, main_rpe) values (22, 2, 'Heavy doubles', 'Top set 1×2 @8.5 + 3×2', 'Top set 1×2 @8.5 + 3×2', 'Same volume, slightly faster reps', 22, 8.5);
insert into program_weeks (week_number, block_id, focus, day_a_main, day_b_main, day_c_focus, hard_sets, main_rpe) values (23, 2, 'Realization', 'Top set 1×2 @9 + 2×2', 'Top set 1×2 @9 + 2×2', 'Max-quality, low-fatigue Day C', 20, 9);
insert into program_weeks (week_number, block_id, focus, day_a_main, day_b_main, day_c_focus, hard_sets, main_rpe) values (24, 2, 'Deload / e1RM', 'Deload / e1RM check single @8', 'Deload / e1RM check single @8', 'Technical flush only', 14, 8);

-- prescriptions (block 2)
insert into prescriptions (block_id, week_number, day_code, day_label, exercise, prescription, target_rpe, rest, transfer, sort_order) values (2, 13, 'A', 'A — Monday', 'Front squat', '4×5 @7 | 4×5 in Week 13; follow weekly table', '7–9', '2–3 min', 'Heavy bilateral force with upright posture', 0);
insert into prescriptions (block_id, week_number, day_code, day_label, exercise, prescription, target_rpe, rest, transfer, sort_order) values (2, 13, 'A', 'A — Monday', 'Weighted pull-up', '4×5', '7–9', '2 min', 'Relative strength and grip', 1);
insert into prescriptions (block_id, week_number, day_code, day_label, exercise, prescription, target_rpe, rest, transfer, sort_order) values (2, 13, 'A', 'A — Monday', 'Low-incline barbell press', '3×6', '7–8', '2 min', 'Strength plus hypertrophy retention', 2);
insert into prescriptions (block_id, week_number, day_code, day_label, exercise, prescription, target_rpe, rest, transfer, sort_order) values (2, 13, 'A', 'A — Monday', 'Romanian deadlift', '3×6', '7–8', '2 min', 'Hinge strength and hamstring loading', 3);
insert into prescriptions (block_id, week_number, day_code, day_label, exercise, prescription, target_rpe, rest, transfer, sort_order) values (2, 13, 'A', 'A — Monday', 'Chest-supported row', '3×8', '7–8', '75–90s', 'Upper-back stiffness and hypertrophy', 4);
insert into prescriptions (block_id, week_number, day_code, day_label, exercise, prescription, target_rpe, rest, transfer, sort_order) values (2, 13, 'A', 'A — Monday', 'Pallof press or anti-rotation cable lift', '2×8/side', '6–7', '45s', 'Trunk resistance to twisting', 5);
insert into prescriptions (block_id, week_number, day_code, day_label, exercise, prescription, target_rpe, rest, transfer, sort_order) values (2, 13, 'A', 'A — Monday', 'Neck work', '2×12–15 or 20s holds', '6–7', '30–45s', 'Low-cost robustness', 6);
insert into prescriptions (block_id, week_number, day_code, day_label, exercise, prescription, target_rpe, rest, transfer, sort_order) values (2, 13, 'B', 'B — Thursday', 'Trap-bar deadlift', '4×5 @7 | 4×5 in Week 13; follow weekly table', '7–9', '2–3 min', 'Heavy whole-body force', 0);
insert into prescriptions (block_id, week_number, day_code, day_label, exercise, prescription, target_rpe, rest, transfer, sort_order) values (2, 13, 'B', 'B — Thursday', 'Push press', '4×4', '7–8', '2 min', 'Fast force through hips and shoulders', 1);
insert into prescriptions (block_id, week_number, day_code, day_label, exercise, prescription, target_rpe, rest, transfer, sort_order) values (2, 13, 'B', 'B — Thursday', 'Bulgarian split squat', '3×6/leg', '7–8', '75–90s', 'Unilateral leg force', 2);
insert into prescriptions (block_id, week_number, day_code, day_label, exercise, prescription, target_rpe, rest, transfer, sort_order) values (2, 13, 'B', 'B — Thursday', 'Close-grip bench press', '3×5–6', '7–8', '90–120s', 'Pressing strength with more triceps carryover', 3);
insert into prescriptions (block_id, week_number, day_code, day_label, exercise, prescription, target_rpe, rest, transfer, sort_order) values (2, 13, 'B', 'B — Thursday', 'Seal row', '3×6–8', '7–8', '75–90s', 'Thick upper back with minimal low-back load', 4);
insert into prescriptions (block_id, week_number, day_code, day_label, exercise, prescription, target_rpe, rest, transfer, sort_order) values (2, 13, 'B', 'B — Thursday', 'Hamstring curl', '2×8', '7', '60–75s', 'Knee-flexor resilience', 5);
insert into prescriptions (block_id, week_number, day_code, day_label, exercise, prescription, target_rpe, rest, transfer, sort_order) values (2, 13, 'B', 'B — Thursday', 'Copenhagen plank', '2×20–30s/side', '7', '30–45s', 'Adductor resilience', 6);
insert into prescriptions (block_id, week_number, day_code, day_label, exercise, prescription, target_rpe, rest, transfer, sort_order) values (2, 13, 'C', 'C — Tuesday', 'Rotational shot-put throw', '5×3/side', '6–7', '45–60s', 'Fast rotational transfer', 0);
insert into prescriptions (block_id, week_number, day_code, day_label, exercise, prescription, target_rpe, rest, transfer, sort_order) values (2, 13, 'C', 'C — Tuesday', 'Overhead rear throw', '5×3', '6–7', '45–60s', 'Explosive projection', 1);
insert into prescriptions (block_id, week_number, day_code, day_label, exercise, prescription, target_rpe, rest, transfer, sort_order) values (2, 13, 'C', 'C — Tuesday', 'Banded tokui-waza entry', '8–10×6–8 fast reps', '6–7', '20–40s', 'Throw-specific initiation force', 2);
insert into prescriptions (block_id, week_number, day_code, day_label, exercise, prescription, target_rpe, rest, transfer, sort_order) values (2, 13, 'C', 'C — Tuesday', 'Secondary throw band entry', '6–8×6–8 reps', '6–7', '20–40s', 'Combination readiness', 3);
insert into prescriptions (block_id, week_number, day_code, day_label, exercise, prescription, target_rpe, rest, transfer, sort_order) values (2, 13, 'C', 'C — Tuesday', 'Judogi pull-up cluster', '4×3–5', '7–8', '60–90s', 'Dynamic grip + upper-body pulling', 4);
insert into prescriptions (block_id, week_number, day_code, day_label, exercise, prescription, target_rpe, rest, transfer, sort_order) values (2, 13, 'C', 'C — Tuesday', 'Gi hang', '3×15–25s', '7–8', '45–60s', 'Isometric gripping under fatigue', 5);
insert into prescriptions (block_id, week_number, day_code, day_label, exercise, prescription, target_rpe, rest, transfer, sort_order) values (2, 13, 'C', 'C — Tuesday', 'Sled drag or rope drag', '4×15–20m', '7', '60s', 'Posture, leg drive, trunk stiffness', 6);
insert into prescriptions (block_id, week_number, day_code, day_label, exercise, prescription, target_rpe, rest, transfer, sort_order) values (2, 14, 'A', 'A — Monday', 'Front squat', '5×4 @7.5 | 4×5 in Week 13; follow weekly table', '7–9', '2–3 min', 'Heavy bilateral force with upright posture', 0);
insert into prescriptions (block_id, week_number, day_code, day_label, exercise, prescription, target_rpe, rest, transfer, sort_order) values (2, 14, 'A', 'A — Monday', 'Weighted pull-up', '4×5', '7–9', '2 min', 'Relative strength and grip', 1);
insert into prescriptions (block_id, week_number, day_code, day_label, exercise, prescription, target_rpe, rest, transfer, sort_order) values (2, 14, 'A', 'A — Monday', 'Low-incline barbell press', '3×6', '7–8', '2 min', 'Strength plus hypertrophy retention', 2);
insert into prescriptions (block_id, week_number, day_code, day_label, exercise, prescription, target_rpe, rest, transfer, sort_order) values (2, 14, 'A', 'A — Monday', 'Romanian deadlift', '3×6', '7–8', '2 min', 'Hinge strength and hamstring loading', 3);
insert into prescriptions (block_id, week_number, day_code, day_label, exercise, prescription, target_rpe, rest, transfer, sort_order) values (2, 14, 'A', 'A — Monday', 'Chest-supported row', '3×8', '7–8', '75–90s', 'Upper-back stiffness and hypertrophy', 4);
insert into prescriptions (block_id, week_number, day_code, day_label, exercise, prescription, target_rpe, rest, transfer, sort_order) values (2, 14, 'A', 'A — Monday', 'Pallof press or anti-rotation cable lift', '2×8/side', '6–7', '45s', 'Trunk resistance to twisting', 5);
insert into prescriptions (block_id, week_number, day_code, day_label, exercise, prescription, target_rpe, rest, transfer, sort_order) values (2, 14, 'A', 'A — Monday', 'Neck work', '2×12–15 or 20s holds', '6–7', '30–45s', 'Low-cost robustness', 6);
insert into prescriptions (block_id, week_number, day_code, day_label, exercise, prescription, target_rpe, rest, transfer, sort_order) values (2, 14, 'B', 'B — Thursday', 'Trap-bar deadlift', '5×4 @7.5 | 4×5 in Week 13; follow weekly table', '7–9', '2–3 min', 'Heavy whole-body force', 0);
insert into prescriptions (block_id, week_number, day_code, day_label, exercise, prescription, target_rpe, rest, transfer, sort_order) values (2, 14, 'B', 'B — Thursday', 'Push press', '4×4', '7–8', '2 min', 'Fast force through hips and shoulders', 1);
insert into prescriptions (block_id, week_number, day_code, day_label, exercise, prescription, target_rpe, rest, transfer, sort_order) values (2, 14, 'B', 'B — Thursday', 'Bulgarian split squat', '3×6/leg', '7–8', '75–90s', 'Unilateral leg force', 2);
insert into prescriptions (block_id, week_number, day_code, day_label, exercise, prescription, target_rpe, rest, transfer, sort_order) values (2, 14, 'B', 'B — Thursday', 'Close-grip bench press', '3×5–6', '7–8', '90–120s', 'Pressing strength with more triceps carryover', 3);
insert into prescriptions (block_id, week_number, day_code, day_label, exercise, prescription, target_rpe, rest, transfer, sort_order) values (2, 14, 'B', 'B — Thursday', 'Seal row', '3×6–8', '7–8', '75–90s', 'Thick upper back with minimal low-back load', 4);
insert into prescriptions (block_id, week_number, day_code, day_label, exercise, prescription, target_rpe, rest, transfer, sort_order) values (2, 14, 'B', 'B — Thursday', 'Hamstring curl', '2×8', '7', '60–75s', 'Knee-flexor resilience', 5);
insert into prescriptions (block_id, week_number, day_code, day_label, exercise, prescription, target_rpe, rest, transfer, sort_order) values (2, 14, 'B', 'B — Thursday', 'Copenhagen plank', '2×20–30s/side', '7', '30–45s', 'Adductor resilience', 6);
insert into prescriptions (block_id, week_number, day_code, day_label, exercise, prescription, target_rpe, rest, transfer, sort_order) values (2, 14, 'C', 'C — Tuesday', 'Rotational shot-put throw', '5×3/side', '6–7', '45–60s', 'Fast rotational transfer', 0);
insert into prescriptions (block_id, week_number, day_code, day_label, exercise, prescription, target_rpe, rest, transfer, sort_order) values (2, 14, 'C', 'C — Tuesday', 'Overhead rear throw', '5×3', '6–7', '45–60s', 'Explosive projection', 1);
insert into prescriptions (block_id, week_number, day_code, day_label, exercise, prescription, target_rpe, rest, transfer, sort_order) values (2, 14, 'C', 'C — Tuesday', 'Banded tokui-waza entry', '8–10×6–8 fast reps', '6–7', '20–40s', 'Throw-specific initiation force', 2);
insert into prescriptions (block_id, week_number, day_code, day_label, exercise, prescription, target_rpe, rest, transfer, sort_order) values (2, 14, 'C', 'C — Tuesday', 'Secondary throw band entry', '6–8×6–8 reps', '6–7', '20–40s', 'Combination readiness', 3);
insert into prescriptions (block_id, week_number, day_code, day_label, exercise, prescription, target_rpe, rest, transfer, sort_order) values (2, 14, 'C', 'C — Tuesday', 'Judogi pull-up cluster', '4×3–5', '7–8', '60–90s', 'Dynamic grip + upper-body pulling', 4);
insert into prescriptions (block_id, week_number, day_code, day_label, exercise, prescription, target_rpe, rest, transfer, sort_order) values (2, 14, 'C', 'C — Tuesday', 'Gi hang', '3×15–25s', '7–8', '45–60s', 'Isometric gripping under fatigue', 5);
insert into prescriptions (block_id, week_number, day_code, day_label, exercise, prescription, target_rpe, rest, transfer, sort_order) values (2, 14, 'C', 'C — Tuesday', 'Sled drag or rope drag', '4×15–20m', '7', '60s', 'Posture, leg drive, trunk stiffness', 6);
insert into prescriptions (block_id, week_number, day_code, day_label, exercise, prescription, target_rpe, rest, transfer, sort_order) values (2, 15, 'A', 'A — Monday', 'Front squat', '5×3 @8 | 4×5 in Week 13; follow weekly table', '7–9', '2–3 min', 'Heavy bilateral force with upright posture', 0);
insert into prescriptions (block_id, week_number, day_code, day_label, exercise, prescription, target_rpe, rest, transfer, sort_order) values (2, 15, 'A', 'A — Monday', 'Weighted pull-up', '4×5', '7–9', '2 min', 'Relative strength and grip', 1);
insert into prescriptions (block_id, week_number, day_code, day_label, exercise, prescription, target_rpe, rest, transfer, sort_order) values (2, 15, 'A', 'A — Monday', 'Low-incline barbell press', '3×6', '7–8', '2 min', 'Strength plus hypertrophy retention', 2);
insert into prescriptions (block_id, week_number, day_code, day_label, exercise, prescription, target_rpe, rest, transfer, sort_order) values (2, 15, 'A', 'A — Monday', 'Romanian deadlift', '3×6', '7–8', '2 min', 'Hinge strength and hamstring loading', 3);
insert into prescriptions (block_id, week_number, day_code, day_label, exercise, prescription, target_rpe, rest, transfer, sort_order) values (2, 15, 'A', 'A — Monday', 'Chest-supported row', '3×8', '7–8', '75–90s', 'Upper-back stiffness and hypertrophy', 4);
insert into prescriptions (block_id, week_number, day_code, day_label, exercise, prescription, target_rpe, rest, transfer, sort_order) values (2, 15, 'A', 'A — Monday', 'Pallof press or anti-rotation cable lift', '2×8/side', '6–7', '45s', 'Trunk resistance to twisting', 5);
insert into prescriptions (block_id, week_number, day_code, day_label, exercise, prescription, target_rpe, rest, transfer, sort_order) values (2, 15, 'A', 'A — Monday', 'Neck work', '2×12–15 or 20s holds', '6–7', '30–45s', 'Low-cost robustness', 6);
insert into prescriptions (block_id, week_number, day_code, day_label, exercise, prescription, target_rpe, rest, transfer, sort_order) values (2, 15, 'B', 'B — Thursday', 'Trap-bar deadlift', '5×3 @8 | 4×5 in Week 13; follow weekly table', '7–9', '2–3 min', 'Heavy whole-body force', 0);
insert into prescriptions (block_id, week_number, day_code, day_label, exercise, prescription, target_rpe, rest, transfer, sort_order) values (2, 15, 'B', 'B — Thursday', 'Push press', '4×4', '7–8', '2 min', 'Fast force through hips and shoulders', 1);
insert into prescriptions (block_id, week_number, day_code, day_label, exercise, prescription, target_rpe, rest, transfer, sort_order) values (2, 15, 'B', 'B — Thursday', 'Bulgarian split squat', '3×6/leg', '7–8', '75–90s', 'Unilateral leg force', 2);
insert into prescriptions (block_id, week_number, day_code, day_label, exercise, prescription, target_rpe, rest, transfer, sort_order) values (2, 15, 'B', 'B — Thursday', 'Close-grip bench press', '3×5–6', '7–8', '90–120s', 'Pressing strength with more triceps carryover', 3);
insert into prescriptions (block_id, week_number, day_code, day_label, exercise, prescription, target_rpe, rest, transfer, sort_order) values (2, 15, 'B', 'B — Thursday', 'Seal row', '3×6–8', '7–8', '75–90s', 'Thick upper back with minimal low-back load', 4);
insert into prescriptions (block_id, week_number, day_code, day_label, exercise, prescription, target_rpe, rest, transfer, sort_order) values (2, 15, 'B', 'B — Thursday', 'Hamstring curl', '2×8', '7', '60–75s', 'Knee-flexor resilience', 5);
insert into prescriptions (block_id, week_number, day_code, day_label, exercise, prescription, target_rpe, rest, transfer, sort_order) values (2, 15, 'B', 'B — Thursday', 'Copenhagen plank', '2×20–30s/side', '7', '30–45s', 'Adductor resilience', 6);
insert into prescriptions (block_id, week_number, day_code, day_label, exercise, prescription, target_rpe, rest, transfer, sort_order) values (2, 15, 'C', 'C — Tuesday', 'Rotational shot-put throw', '5×3/side', '6–7', '45–60s', 'Fast rotational transfer', 0);
insert into prescriptions (block_id, week_number, day_code, day_label, exercise, prescription, target_rpe, rest, transfer, sort_order) values (2, 15, 'C', 'C — Tuesday', 'Overhead rear throw', '5×3', '6–7', '45–60s', 'Explosive projection', 1);
insert into prescriptions (block_id, week_number, day_code, day_label, exercise, prescription, target_rpe, rest, transfer, sort_order) values (2, 15, 'C', 'C — Tuesday', 'Banded tokui-waza entry', '8–10×6–8 fast reps', '6–7', '20–40s', 'Throw-specific initiation force', 2);
insert into prescriptions (block_id, week_number, day_code, day_label, exercise, prescription, target_rpe, rest, transfer, sort_order) values (2, 15, 'C', 'C — Tuesday', 'Secondary throw band entry', '6–8×6–8 reps', '6–7', '20–40s', 'Combination readiness', 3);
insert into prescriptions (block_id, week_number, day_code, day_label, exercise, prescription, target_rpe, rest, transfer, sort_order) values (2, 15, 'C', 'C — Tuesday', 'Judogi pull-up cluster', '4×3–5', '7–8', '60–90s', 'Dynamic grip + upper-body pulling', 4);
insert into prescriptions (block_id, week_number, day_code, day_label, exercise, prescription, target_rpe, rest, transfer, sort_order) values (2, 15, 'C', 'C — Tuesday', 'Gi hang', '3×15–25s', '7–8', '45–60s', 'Isometric gripping under fatigue', 5);
insert into prescriptions (block_id, week_number, day_code, day_label, exercise, prescription, target_rpe, rest, transfer, sort_order) values (2, 15, 'C', 'C — Tuesday', 'Sled drag or rope drag', '4×15–20m', '7', '60s', 'Posture, leg drive, trunk stiffness', 6);
insert into prescriptions (block_id, week_number, day_code, day_label, exercise, prescription, target_rpe, rest, transfer, sort_order) values (2, 16, 'A', 'A — Monday', 'Front squat', 'Deload 3×3 @6 | 4×5 in Week 13; follow weekly table', '7–9', '2–3 min', 'Heavy bilateral force with upright posture', 0);
insert into prescriptions (block_id, week_number, day_code, day_label, exercise, prescription, target_rpe, rest, transfer, sort_order) values (2, 16, 'A', 'A — Monday', 'Weighted pull-up', '4×5', '7–9', '2 min', 'Relative strength and grip', 1);
insert into prescriptions (block_id, week_number, day_code, day_label, exercise, prescription, target_rpe, rest, transfer, sort_order) values (2, 16, 'A', 'A — Monday', 'Low-incline barbell press', '3×6', '7–8', '2 min', 'Strength plus hypertrophy retention', 2);
insert into prescriptions (block_id, week_number, day_code, day_label, exercise, prescription, target_rpe, rest, transfer, sort_order) values (2, 16, 'A', 'A — Monday', 'Romanian deadlift', '3×6', '7–8', '2 min', 'Hinge strength and hamstring loading', 3);
insert into prescriptions (block_id, week_number, day_code, day_label, exercise, prescription, target_rpe, rest, transfer, sort_order) values (2, 16, 'A', 'A — Monday', 'Chest-supported row', '3×8', '7–8', '75–90s', 'Upper-back stiffness and hypertrophy', 4);
insert into prescriptions (block_id, week_number, day_code, day_label, exercise, prescription, target_rpe, rest, transfer, sort_order) values (2, 16, 'A', 'A — Monday', 'Pallof press or anti-rotation cable lift', '2×8/side', '6–7', '45s', 'Trunk resistance to twisting', 5);
insert into prescriptions (block_id, week_number, day_code, day_label, exercise, prescription, target_rpe, rest, transfer, sort_order) values (2, 16, 'A', 'A — Monday', 'Neck work', '2×12–15 or 20s holds', '6–7', '30–45s', 'Low-cost robustness', 6);
insert into prescriptions (block_id, week_number, day_code, day_label, exercise, prescription, target_rpe, rest, transfer, sort_order) values (2, 16, 'B', 'B — Thursday', 'Trap-bar deadlift', 'Deload 3×3 @6 | 4×5 in Week 13; follow weekly table', '7–9', '2–3 min', 'Heavy whole-body force', 0);
insert into prescriptions (block_id, week_number, day_code, day_label, exercise, prescription, target_rpe, rest, transfer, sort_order) values (2, 16, 'B', 'B — Thursday', 'Push press', '4×4', '7–8', '2 min', 'Fast force through hips and shoulders', 1);
insert into prescriptions (block_id, week_number, day_code, day_label, exercise, prescription, target_rpe, rest, transfer, sort_order) values (2, 16, 'B', 'B — Thursday', 'Bulgarian split squat', '3×6/leg', '7–8', '75–90s', 'Unilateral leg force', 2);
insert into prescriptions (block_id, week_number, day_code, day_label, exercise, prescription, target_rpe, rest, transfer, sort_order) values (2, 16, 'B', 'B — Thursday', 'Close-grip bench press', '3×5–6', '7–8', '90–120s', 'Pressing strength with more triceps carryover', 3);
insert into prescriptions (block_id, week_number, day_code, day_label, exercise, prescription, target_rpe, rest, transfer, sort_order) values (2, 16, 'B', 'B — Thursday', 'Seal row', '3×6–8', '7–8', '75–90s', 'Thick upper back with minimal low-back load', 4);
insert into prescriptions (block_id, week_number, day_code, day_label, exercise, prescription, target_rpe, rest, transfer, sort_order) values (2, 16, 'B', 'B — Thursday', 'Hamstring curl', '2×8', '7', '60–75s', 'Knee-flexor resilience', 5);
insert into prescriptions (block_id, week_number, day_code, day_label, exercise, prescription, target_rpe, rest, transfer, sort_order) values (2, 16, 'B', 'B — Thursday', 'Copenhagen plank', '2×20–30s/side', '7', '30–45s', 'Adductor resilience', 6);
insert into prescriptions (block_id, week_number, day_code, day_label, exercise, prescription, target_rpe, rest, transfer, sort_order) values (2, 16, 'C', 'C — Tuesday', 'Rotational shot-put throw', '5×3/side', '6–7', '45–60s', 'Fast rotational transfer', 0);
insert into prescriptions (block_id, week_number, day_code, day_label, exercise, prescription, target_rpe, rest, transfer, sort_order) values (2, 16, 'C', 'C — Tuesday', 'Overhead rear throw', '5×3', '6–7', '45–60s', 'Explosive projection', 1);
insert into prescriptions (block_id, week_number, day_code, day_label, exercise, prescription, target_rpe, rest, transfer, sort_order) values (2, 16, 'C', 'C — Tuesday', 'Banded tokui-waza entry', '8–10×6–8 fast reps', '6–7', '20–40s', 'Throw-specific initiation force', 2);
insert into prescriptions (block_id, week_number, day_code, day_label, exercise, prescription, target_rpe, rest, transfer, sort_order) values (2, 16, 'C', 'C — Tuesday', 'Secondary throw band entry', '6–8×6–8 reps', '6–7', '20–40s', 'Combination readiness', 3);
insert into prescriptions (block_id, week_number, day_code, day_label, exercise, prescription, target_rpe, rest, transfer, sort_order) values (2, 16, 'C', 'C — Tuesday', 'Judogi pull-up cluster', '4×3–5', '7–8', '60–90s', 'Dynamic grip + upper-body pulling', 4);
insert into prescriptions (block_id, week_number, day_code, day_label, exercise, prescription, target_rpe, rest, transfer, sort_order) values (2, 16, 'C', 'C — Tuesday', 'Gi hang', '3×15–25s', '7–8', '45–60s', 'Isometric gripping under fatigue', 5);
insert into prescriptions (block_id, week_number, day_code, day_label, exercise, prescription, target_rpe, rest, transfer, sort_order) values (2, 16, 'C', 'C — Tuesday', 'Sled drag or rope drag', '4×15–20m', '7', '60s', 'Posture, leg drive, trunk stiffness', 6);
insert into prescriptions (block_id, week_number, day_code, day_label, exercise, prescription, target_rpe, rest, transfer, sort_order) values (2, 17, 'A', 'A — Monday', 'Front squat', '4×4 @7.5 | 4×5 in Week 13; follow weekly table', '7–9', '2–3 min', 'Heavy bilateral force with upright posture', 0);
insert into prescriptions (block_id, week_number, day_code, day_label, exercise, prescription, target_rpe, rest, transfer, sort_order) values (2, 17, 'A', 'A — Monday', 'Weighted pull-up', '4×5', '7–9', '2 min', 'Relative strength and grip', 1);
insert into prescriptions (block_id, week_number, day_code, day_label, exercise, prescription, target_rpe, rest, transfer, sort_order) values (2, 17, 'A', 'A — Monday', 'Low-incline barbell press', '3×6', '7–8', '2 min', 'Strength plus hypertrophy retention', 2);
insert into prescriptions (block_id, week_number, day_code, day_label, exercise, prescription, target_rpe, rest, transfer, sort_order) values (2, 17, 'A', 'A — Monday', 'Romanian deadlift', '3×6', '7–8', '2 min', 'Hinge strength and hamstring loading', 3);
insert into prescriptions (block_id, week_number, day_code, day_label, exercise, prescription, target_rpe, rest, transfer, sort_order) values (2, 17, 'A', 'A — Monday', 'Chest-supported row', '3×8', '7–8', '75–90s', 'Upper-back stiffness and hypertrophy', 4);
insert into prescriptions (block_id, week_number, day_code, day_label, exercise, prescription, target_rpe, rest, transfer, sort_order) values (2, 17, 'A', 'A — Monday', 'Pallof press or anti-rotation cable lift', '2×8/side', '6–7', '45s', 'Trunk resistance to twisting', 5);
insert into prescriptions (block_id, week_number, day_code, day_label, exercise, prescription, target_rpe, rest, transfer, sort_order) values (2, 17, 'A', 'A — Monday', 'Neck work', '2×12–15 or 20s holds', '6–7', '30–45s', 'Low-cost robustness', 6);
insert into prescriptions (block_id, week_number, day_code, day_label, exercise, prescription, target_rpe, rest, transfer, sort_order) values (2, 17, 'B', 'B — Thursday', 'Trap-bar deadlift', '4×4 @7.5 | 4×5 in Week 13; follow weekly table', '7–9', '2–3 min', 'Heavy whole-body force', 0);
insert into prescriptions (block_id, week_number, day_code, day_label, exercise, prescription, target_rpe, rest, transfer, sort_order) values (2, 17, 'B', 'B — Thursday', 'Push press', '4×4', '7–8', '2 min', 'Fast force through hips and shoulders', 1);
insert into prescriptions (block_id, week_number, day_code, day_label, exercise, prescription, target_rpe, rest, transfer, sort_order) values (2, 17, 'B', 'B — Thursday', 'Bulgarian split squat', '3×6/leg', '7–8', '75–90s', 'Unilateral leg force', 2);
insert into prescriptions (block_id, week_number, day_code, day_label, exercise, prescription, target_rpe, rest, transfer, sort_order) values (2, 17, 'B', 'B — Thursday', 'Close-grip bench press', '3×5–6', '7–8', '90–120s', 'Pressing strength with more triceps carryover', 3);
insert into prescriptions (block_id, week_number, day_code, day_label, exercise, prescription, target_rpe, rest, transfer, sort_order) values (2, 17, 'B', 'B — Thursday', 'Seal row', '3×6–8', '7–8', '75–90s', 'Thick upper back with minimal low-back load', 4);
insert into prescriptions (block_id, week_number, day_code, day_label, exercise, prescription, target_rpe, rest, transfer, sort_order) values (2, 17, 'B', 'B — Thursday', 'Hamstring curl', '2×8', '7', '60–75s', 'Knee-flexor resilience', 5);
insert into prescriptions (block_id, week_number, day_code, day_label, exercise, prescription, target_rpe, rest, transfer, sort_order) values (2, 17, 'B', 'B — Thursday', 'Copenhagen plank', '2×20–30s/side', '7', '30–45s', 'Adductor resilience', 6);
insert into prescriptions (block_id, week_number, day_code, day_label, exercise, prescription, target_rpe, rest, transfer, sort_order) values (2, 17, 'C', 'C — Tuesday', 'Rotational shot-put throw', '5×3/side', '6–7', '45–60s', 'Fast rotational transfer', 0);
insert into prescriptions (block_id, week_number, day_code, day_label, exercise, prescription, target_rpe, rest, transfer, sort_order) values (2, 17, 'C', 'C — Tuesday', 'Overhead rear throw', '5×3', '6–7', '45–60s', 'Explosive projection', 1);
insert into prescriptions (block_id, week_number, day_code, day_label, exercise, prescription, target_rpe, rest, transfer, sort_order) values (2, 17, 'C', 'C — Tuesday', 'Banded tokui-waza entry', '8–10×6–8 fast reps', '6–7', '20–40s', 'Throw-specific initiation force', 2);
insert into prescriptions (block_id, week_number, day_code, day_label, exercise, prescription, target_rpe, rest, transfer, sort_order) values (2, 17, 'C', 'C — Tuesday', 'Secondary throw band entry', '6–8×6–8 reps', '6–7', '20–40s', 'Combination readiness', 3);
insert into prescriptions (block_id, week_number, day_code, day_label, exercise, prescription, target_rpe, rest, transfer, sort_order) values (2, 17, 'C', 'C — Tuesday', 'Judogi pull-up cluster', '4×3–5', '7–8', '60–90s', 'Dynamic grip + upper-body pulling', 4);
insert into prescriptions (block_id, week_number, day_code, day_label, exercise, prescription, target_rpe, rest, transfer, sort_order) values (2, 17, 'C', 'C — Tuesday', 'Gi hang', '3×15–25s', '7–8', '45–60s', 'Isometric gripping under fatigue', 5);
insert into prescriptions (block_id, week_number, day_code, day_label, exercise, prescription, target_rpe, rest, transfer, sort_order) values (2, 17, 'C', 'C — Tuesday', 'Sled drag or rope drag', '4×15–20m', '7', '60s', 'Posture, leg drive, trunk stiffness', 6);
insert into prescriptions (block_id, week_number, day_code, day_label, exercise, prescription, target_rpe, rest, transfer, sort_order) values (2, 18, 'A', 'A — Monday', 'Front squat', '5×3 @8 | 4×5 in Week 13; follow weekly table', '7–9', '2–3 min', 'Heavy bilateral force with upright posture', 0);
insert into prescriptions (block_id, week_number, day_code, day_label, exercise, prescription, target_rpe, rest, transfer, sort_order) values (2, 18, 'A', 'A — Monday', 'Weighted pull-up', '4×5', '7–9', '2 min', 'Relative strength and grip', 1);
insert into prescriptions (block_id, week_number, day_code, day_label, exercise, prescription, target_rpe, rest, transfer, sort_order) values (2, 18, 'A', 'A — Monday', 'Low-incline barbell press', '3×6', '7–8', '2 min', 'Strength plus hypertrophy retention', 2);
insert into prescriptions (block_id, week_number, day_code, day_label, exercise, prescription, target_rpe, rest, transfer, sort_order) values (2, 18, 'A', 'A — Monday', 'Romanian deadlift', '3×6', '7–8', '2 min', 'Hinge strength and hamstring loading', 3);
insert into prescriptions (block_id, week_number, day_code, day_label, exercise, prescription, target_rpe, rest, transfer, sort_order) values (2, 18, 'A', 'A — Monday', 'Chest-supported row', '3×8', '7–8', '75–90s', 'Upper-back stiffness and hypertrophy', 4);
insert into prescriptions (block_id, week_number, day_code, day_label, exercise, prescription, target_rpe, rest, transfer, sort_order) values (2, 18, 'A', 'A — Monday', 'Pallof press or anti-rotation cable lift', '2×8/side', '6–7', '45s', 'Trunk resistance to twisting', 5);
insert into prescriptions (block_id, week_number, day_code, day_label, exercise, prescription, target_rpe, rest, transfer, sort_order) values (2, 18, 'A', 'A — Monday', 'Neck work', '2×12–15 or 20s holds', '6–7', '30–45s', 'Low-cost robustness', 6);
insert into prescriptions (block_id, week_number, day_code, day_label, exercise, prescription, target_rpe, rest, transfer, sort_order) values (2, 18, 'B', 'B — Thursday', 'Trap-bar deadlift', '5×3 @8 | 4×5 in Week 13; follow weekly table', '7–9', '2–3 min', 'Heavy whole-body force', 0);
insert into prescriptions (block_id, week_number, day_code, day_label, exercise, prescription, target_rpe, rest, transfer, sort_order) values (2, 18, 'B', 'B — Thursday', 'Push press', '4×4', '7–8', '2 min', 'Fast force through hips and shoulders', 1);
insert into prescriptions (block_id, week_number, day_code, day_label, exercise, prescription, target_rpe, rest, transfer, sort_order) values (2, 18, 'B', 'B — Thursday', 'Bulgarian split squat', '3×6/leg', '7–8', '75–90s', 'Unilateral leg force', 2);
insert into prescriptions (block_id, week_number, day_code, day_label, exercise, prescription, target_rpe, rest, transfer, sort_order) values (2, 18, 'B', 'B — Thursday', 'Close-grip bench press', '3×5–6', '7–8', '90–120s', 'Pressing strength with more triceps carryover', 3);
insert into prescriptions (block_id, week_number, day_code, day_label, exercise, prescription, target_rpe, rest, transfer, sort_order) values (2, 18, 'B', 'B — Thursday', 'Seal row', '3×6–8', '7–8', '75–90s', 'Thick upper back with minimal low-back load', 4);
insert into prescriptions (block_id, week_number, day_code, day_label, exercise, prescription, target_rpe, rest, transfer, sort_order) values (2, 18, 'B', 'B — Thursday', 'Hamstring curl', '2×8', '7', '60–75s', 'Knee-flexor resilience', 5);
insert into prescriptions (block_id, week_number, day_code, day_label, exercise, prescription, target_rpe, rest, transfer, sort_order) values (2, 18, 'B', 'B — Thursday', 'Copenhagen plank', '2×20–30s/side', '7', '30–45s', 'Adductor resilience', 6);
insert into prescriptions (block_id, week_number, day_code, day_label, exercise, prescription, target_rpe, rest, transfer, sort_order) values (2, 18, 'C', 'C — Tuesday', 'Rotational shot-put throw', '5×3/side', '6–7', '45–60s', 'Fast rotational transfer', 0);
insert into prescriptions (block_id, week_number, day_code, day_label, exercise, prescription, target_rpe, rest, transfer, sort_order) values (2, 18, 'C', 'C — Tuesday', 'Overhead rear throw', '5×3', '6–7', '45–60s', 'Explosive projection', 1);
insert into prescriptions (block_id, week_number, day_code, day_label, exercise, prescription, target_rpe, rest, transfer, sort_order) values (2, 18, 'C', 'C — Tuesday', 'Banded tokui-waza entry', '8–10×6–8 fast reps', '6–7', '20–40s', 'Throw-specific initiation force', 2);
insert into prescriptions (block_id, week_number, day_code, day_label, exercise, prescription, target_rpe, rest, transfer, sort_order) values (2, 18, 'C', 'C — Tuesday', 'Secondary throw band entry', '6–8×6–8 reps', '6–7', '20–40s', 'Combination readiness', 3);
insert into prescriptions (block_id, week_number, day_code, day_label, exercise, prescription, target_rpe, rest, transfer, sort_order) values (2, 18, 'C', 'C — Tuesday', 'Judogi pull-up cluster', '4×3–5', '7–8', '60–90s', 'Dynamic grip + upper-body pulling', 4);
insert into prescriptions (block_id, week_number, day_code, day_label, exercise, prescription, target_rpe, rest, transfer, sort_order) values (2, 18, 'C', 'C — Tuesday', 'Gi hang', '3×15–25s', '7–8', '45–60s', 'Isometric gripping under fatigue', 5);
insert into prescriptions (block_id, week_number, day_code, day_label, exercise, prescription, target_rpe, rest, transfer, sort_order) values (2, 18, 'C', 'C — Tuesday', 'Sled drag or rope drag', '4×15–20m', '7', '60s', 'Posture, leg drive, trunk stiffness', 6);
insert into prescriptions (block_id, week_number, day_code, day_label, exercise, prescription, target_rpe, rest, transfer, sort_order) values (2, 19, 'A', 'A — Monday', 'Front squat', '6×2 @8–8.5 | 4×5 in Week 13; follow weekly table', '7–9', '2–3 min', 'Heavy bilateral force with upright posture', 0);
insert into prescriptions (block_id, week_number, day_code, day_label, exercise, prescription, target_rpe, rest, transfer, sort_order) values (2, 19, 'A', 'A — Monday', 'Weighted pull-up', '4×5', '7–9', '2 min', 'Relative strength and grip', 1);
insert into prescriptions (block_id, week_number, day_code, day_label, exercise, prescription, target_rpe, rest, transfer, sort_order) values (2, 19, 'A', 'A — Monday', 'Low-incline barbell press', '3×6', '7–8', '2 min', 'Strength plus hypertrophy retention', 2);
insert into prescriptions (block_id, week_number, day_code, day_label, exercise, prescription, target_rpe, rest, transfer, sort_order) values (2, 19, 'A', 'A — Monday', 'Romanian deadlift', '3×6', '7–8', '2 min', 'Hinge strength and hamstring loading', 3);
insert into prescriptions (block_id, week_number, day_code, day_label, exercise, prescription, target_rpe, rest, transfer, sort_order) values (2, 19, 'A', 'A — Monday', 'Chest-supported row', '3×8', '7–8', '75–90s', 'Upper-back stiffness and hypertrophy', 4);
insert into prescriptions (block_id, week_number, day_code, day_label, exercise, prescription, target_rpe, rest, transfer, sort_order) values (2, 19, 'A', 'A — Monday', 'Pallof press or anti-rotation cable lift', '2×8/side', '6–7', '45s', 'Trunk resistance to twisting', 5);
insert into prescriptions (block_id, week_number, day_code, day_label, exercise, prescription, target_rpe, rest, transfer, sort_order) values (2, 19, 'A', 'A — Monday', 'Neck work', '2×12–15 or 20s holds', '6–7', '30–45s', 'Low-cost robustness', 6);
insert into prescriptions (block_id, week_number, day_code, day_label, exercise, prescription, target_rpe, rest, transfer, sort_order) values (2, 19, 'B', 'B — Thursday', 'Trap-bar deadlift', '6×2 @8–8.5 | 4×5 in Week 13; follow weekly table', '7–9', '2–3 min', 'Heavy whole-body force', 0);
insert into prescriptions (block_id, week_number, day_code, day_label, exercise, prescription, target_rpe, rest, transfer, sort_order) values (2, 19, 'B', 'B — Thursday', 'Push press', '4×4', '7–8', '2 min', 'Fast force through hips and shoulders', 1);
insert into prescriptions (block_id, week_number, day_code, day_label, exercise, prescription, target_rpe, rest, transfer, sort_order) values (2, 19, 'B', 'B — Thursday', 'Bulgarian split squat', '3×6/leg', '7–8', '75–90s', 'Unilateral leg force', 2);
insert into prescriptions (block_id, week_number, day_code, day_label, exercise, prescription, target_rpe, rest, transfer, sort_order) values (2, 19, 'B', 'B — Thursday', 'Close-grip bench press', '3×5–6', '7–8', '90–120s', 'Pressing strength with more triceps carryover', 3);
insert into prescriptions (block_id, week_number, day_code, day_label, exercise, prescription, target_rpe, rest, transfer, sort_order) values (2, 19, 'B', 'B — Thursday', 'Seal row', '3×6–8', '7–8', '75–90s', 'Thick upper back with minimal low-back load', 4);
insert into prescriptions (block_id, week_number, day_code, day_label, exercise, prescription, target_rpe, rest, transfer, sort_order) values (2, 19, 'B', 'B — Thursday', 'Hamstring curl', '2×8', '7', '60–75s', 'Knee-flexor resilience', 5);
insert into prescriptions (block_id, week_number, day_code, day_label, exercise, prescription, target_rpe, rest, transfer, sort_order) values (2, 19, 'B', 'B — Thursday', 'Copenhagen plank', '2×20–30s/side', '7', '30–45s', 'Adductor resilience', 6);
insert into prescriptions (block_id, week_number, day_code, day_label, exercise, prescription, target_rpe, rest, transfer, sort_order) values (2, 19, 'C', 'C — Tuesday', 'Rotational shot-put throw', '5×3/side', '6–7', '45–60s', 'Fast rotational transfer', 0);
insert into prescriptions (block_id, week_number, day_code, day_label, exercise, prescription, target_rpe, rest, transfer, sort_order) values (2, 19, 'C', 'C — Tuesday', 'Overhead rear throw', '5×3', '6–7', '45–60s', 'Explosive projection', 1);
insert into prescriptions (block_id, week_number, day_code, day_label, exercise, prescription, target_rpe, rest, transfer, sort_order) values (2, 19, 'C', 'C — Tuesday', 'Banded tokui-waza entry', '8–10×6–8 fast reps', '6–7', '20–40s', 'Throw-specific initiation force', 2);
insert into prescriptions (block_id, week_number, day_code, day_label, exercise, prescription, target_rpe, rest, transfer, sort_order) values (2, 19, 'C', 'C — Tuesday', 'Secondary throw band entry', '6–8×6–8 reps', '6–7', '20–40s', 'Combination readiness', 3);
insert into prescriptions (block_id, week_number, day_code, day_label, exercise, prescription, target_rpe, rest, transfer, sort_order) values (2, 19, 'C', 'C — Tuesday', 'Judogi pull-up cluster', '4×3–5', '7–8', '60–90s', 'Dynamic grip + upper-body pulling', 4);
insert into prescriptions (block_id, week_number, day_code, day_label, exercise, prescription, target_rpe, rest, transfer, sort_order) values (2, 19, 'C', 'C — Tuesday', 'Gi hang', '3×15–25s', '7–8', '45–60s', 'Isometric gripping under fatigue', 5);
insert into prescriptions (block_id, week_number, day_code, day_label, exercise, prescription, target_rpe, rest, transfer, sort_order) values (2, 19, 'C', 'C — Tuesday', 'Sled drag or rope drag', '4×15–20m', '7', '60s', 'Posture, leg drive, trunk stiffness', 6);
insert into prescriptions (block_id, week_number, day_code, day_label, exercise, prescription, target_rpe, rest, transfer, sort_order) values (2, 20, 'A', 'A — Monday', 'Front squat', 'Deload 3×2 @6 | 4×5 in Week 13; follow weekly table', '7–9', '2–3 min', 'Heavy bilateral force with upright posture', 0);
insert into prescriptions (block_id, week_number, day_code, day_label, exercise, prescription, target_rpe, rest, transfer, sort_order) values (2, 20, 'A', 'A — Monday', 'Weighted pull-up', '4×5', '7–9', '2 min', 'Relative strength and grip', 1);
insert into prescriptions (block_id, week_number, day_code, day_label, exercise, prescription, target_rpe, rest, transfer, sort_order) values (2, 20, 'A', 'A — Monday', 'Low-incline barbell press', '3×6', '7–8', '2 min', 'Strength plus hypertrophy retention', 2);
insert into prescriptions (block_id, week_number, day_code, day_label, exercise, prescription, target_rpe, rest, transfer, sort_order) values (2, 20, 'A', 'A — Monday', 'Romanian deadlift', '3×6', '7–8', '2 min', 'Hinge strength and hamstring loading', 3);
insert into prescriptions (block_id, week_number, day_code, day_label, exercise, prescription, target_rpe, rest, transfer, sort_order) values (2, 20, 'A', 'A — Monday', 'Chest-supported row', '3×8', '7–8', '75–90s', 'Upper-back stiffness and hypertrophy', 4);
insert into prescriptions (block_id, week_number, day_code, day_label, exercise, prescription, target_rpe, rest, transfer, sort_order) values (2, 20, 'A', 'A — Monday', 'Pallof press or anti-rotation cable lift', '2×8/side', '6–7', '45s', 'Trunk resistance to twisting', 5);
insert into prescriptions (block_id, week_number, day_code, day_label, exercise, prescription, target_rpe, rest, transfer, sort_order) values (2, 20, 'A', 'A — Monday', 'Neck work', '2×12–15 or 20s holds', '6–7', '30–45s', 'Low-cost robustness', 6);
insert into prescriptions (block_id, week_number, day_code, day_label, exercise, prescription, target_rpe, rest, transfer, sort_order) values (2, 20, 'B', 'B — Thursday', 'Trap-bar deadlift', 'Deload 3×2 @6 | 4×5 in Week 13; follow weekly table', '7–9', '2–3 min', 'Heavy whole-body force', 0);
insert into prescriptions (block_id, week_number, day_code, day_label, exercise, prescription, target_rpe, rest, transfer, sort_order) values (2, 20, 'B', 'B — Thursday', 'Push press', '4×4', '7–8', '2 min', 'Fast force through hips and shoulders', 1);
insert into prescriptions (block_id, week_number, day_code, day_label, exercise, prescription, target_rpe, rest, transfer, sort_order) values (2, 20, 'B', 'B — Thursday', 'Bulgarian split squat', '3×6/leg', '7–8', '75–90s', 'Unilateral leg force', 2);
insert into prescriptions (block_id, week_number, day_code, day_label, exercise, prescription, target_rpe, rest, transfer, sort_order) values (2, 20, 'B', 'B — Thursday', 'Close-grip bench press', '3×5–6', '7–8', '90–120s', 'Pressing strength with more triceps carryover', 3);
insert into prescriptions (block_id, week_number, day_code, day_label, exercise, prescription, target_rpe, rest, transfer, sort_order) values (2, 20, 'B', 'B — Thursday', 'Seal row', '3×6–8', '7–8', '75–90s', 'Thick upper back with minimal low-back load', 4);
insert into prescriptions (block_id, week_number, day_code, day_label, exercise, prescription, target_rpe, rest, transfer, sort_order) values (2, 20, 'B', 'B — Thursday', 'Hamstring curl', '2×8', '7', '60–75s', 'Knee-flexor resilience', 5);
insert into prescriptions (block_id, week_number, day_code, day_label, exercise, prescription, target_rpe, rest, transfer, sort_order) values (2, 20, 'B', 'B — Thursday', 'Copenhagen plank', '2×20–30s/side', '7', '30–45s', 'Adductor resilience', 6);
insert into prescriptions (block_id, week_number, day_code, day_label, exercise, prescription, target_rpe, rest, transfer, sort_order) values (2, 20, 'C', 'C — Tuesday', 'Rotational shot-put throw', '5×3/side', '6–7', '45–60s', 'Fast rotational transfer', 0);
insert into prescriptions (block_id, week_number, day_code, day_label, exercise, prescription, target_rpe, rest, transfer, sort_order) values (2, 20, 'C', 'C — Tuesday', 'Overhead rear throw', '5×3', '6–7', '45–60s', 'Explosive projection', 1);
insert into prescriptions (block_id, week_number, day_code, day_label, exercise, prescription, target_rpe, rest, transfer, sort_order) values (2, 20, 'C', 'C — Tuesday', 'Banded tokui-waza entry', '8–10×6–8 fast reps', '6–7', '20–40s', 'Throw-specific initiation force', 2);
insert into prescriptions (block_id, week_number, day_code, day_label, exercise, prescription, target_rpe, rest, transfer, sort_order) values (2, 20, 'C', 'C — Tuesday', 'Secondary throw band entry', '6–8×6–8 reps', '6–7', '20–40s', 'Combination readiness', 3);
insert into prescriptions (block_id, week_number, day_code, day_label, exercise, prescription, target_rpe, rest, transfer, sort_order) values (2, 20, 'C', 'C — Tuesday', 'Judogi pull-up cluster', '4×3–5', '7–8', '60–90s', 'Dynamic grip + upper-body pulling', 4);
insert into prescriptions (block_id, week_number, day_code, day_label, exercise, prescription, target_rpe, rest, transfer, sort_order) values (2, 20, 'C', 'C — Tuesday', 'Gi hang', '3×15–25s', '7–8', '45–60s', 'Isometric gripping under fatigue', 5);
insert into prescriptions (block_id, week_number, day_code, day_label, exercise, prescription, target_rpe, rest, transfer, sort_order) values (2, 20, 'C', 'C — Tuesday', 'Sled drag or rope drag', '4×15–20m', '7', '60s', 'Posture, leg drive, trunk stiffness', 6);
insert into prescriptions (block_id, week_number, day_code, day_label, exercise, prescription, target_rpe, rest, transfer, sort_order) values (2, 21, 'A', 'A — Monday', 'Front squat', 'Top set 1×3 @8 + 3×3 back-off | 4×5 in Week 13; follow weekly table', '7–9', '2–3 min', 'Heavy bilateral force with upright posture', 0);
insert into prescriptions (block_id, week_number, day_code, day_label, exercise, prescription, target_rpe, rest, transfer, sort_order) values (2, 21, 'A', 'A — Monday', 'Weighted pull-up', '4×5', '7–9', '2 min', 'Relative strength and grip', 1);
insert into prescriptions (block_id, week_number, day_code, day_label, exercise, prescription, target_rpe, rest, transfer, sort_order) values (2, 21, 'A', 'A — Monday', 'Low-incline barbell press', '3×6', '7–8', '2 min', 'Strength plus hypertrophy retention', 2);
insert into prescriptions (block_id, week_number, day_code, day_label, exercise, prescription, target_rpe, rest, transfer, sort_order) values (2, 21, 'A', 'A — Monday', 'Romanian deadlift', '3×6', '7–8', '2 min', 'Hinge strength and hamstring loading', 3);
insert into prescriptions (block_id, week_number, day_code, day_label, exercise, prescription, target_rpe, rest, transfer, sort_order) values (2, 21, 'A', 'A — Monday', 'Chest-supported row', '3×8', '7–8', '75–90s', 'Upper-back stiffness and hypertrophy', 4);
insert into prescriptions (block_id, week_number, day_code, day_label, exercise, prescription, target_rpe, rest, transfer, sort_order) values (2, 21, 'A', 'A — Monday', 'Pallof press or anti-rotation cable lift', '2×8/side', '6–7', '45s', 'Trunk resistance to twisting', 5);
insert into prescriptions (block_id, week_number, day_code, day_label, exercise, prescription, target_rpe, rest, transfer, sort_order) values (2, 21, 'A', 'A — Monday', 'Neck work', '2×12–15 or 20s holds', '6–7', '30–45s', 'Low-cost robustness', 6);
insert into prescriptions (block_id, week_number, day_code, day_label, exercise, prescription, target_rpe, rest, transfer, sort_order) values (2, 21, 'B', 'B — Thursday', 'Trap-bar deadlift', 'Top set 1×3 @8 + 3×3 back-off | 4×5 in Week 13; follow weekly table', '7–9', '2–3 min', 'Heavy whole-body force', 0);
insert into prescriptions (block_id, week_number, day_code, day_label, exercise, prescription, target_rpe, rest, transfer, sort_order) values (2, 21, 'B', 'B — Thursday', 'Push press', '4×4', '7–8', '2 min', 'Fast force through hips and shoulders', 1);
insert into prescriptions (block_id, week_number, day_code, day_label, exercise, prescription, target_rpe, rest, transfer, sort_order) values (2, 21, 'B', 'B — Thursday', 'Bulgarian split squat', '3×6/leg', '7–8', '75–90s', 'Unilateral leg force', 2);
insert into prescriptions (block_id, week_number, day_code, day_label, exercise, prescription, target_rpe, rest, transfer, sort_order) values (2, 21, 'B', 'B — Thursday', 'Close-grip bench press', '3×5–6', '7–8', '90–120s', 'Pressing strength with more triceps carryover', 3);
insert into prescriptions (block_id, week_number, day_code, day_label, exercise, prescription, target_rpe, rest, transfer, sort_order) values (2, 21, 'B', 'B — Thursday', 'Seal row', '3×6–8', '7–8', '75–90s', 'Thick upper back with minimal low-back load', 4);
insert into prescriptions (block_id, week_number, day_code, day_label, exercise, prescription, target_rpe, rest, transfer, sort_order) values (2, 21, 'B', 'B — Thursday', 'Hamstring curl', '2×8', '7', '60–75s', 'Knee-flexor resilience', 5);
insert into prescriptions (block_id, week_number, day_code, day_label, exercise, prescription, target_rpe, rest, transfer, sort_order) values (2, 21, 'B', 'B — Thursday', 'Copenhagen plank', '2×20–30s/side', '7', '30–45s', 'Adductor resilience', 6);
insert into prescriptions (block_id, week_number, day_code, day_label, exercise, prescription, target_rpe, rest, transfer, sort_order) values (2, 21, 'C', 'C — Tuesday', 'Rotational shot-put throw', '5×3/side', '6–7', '45–60s', 'Fast rotational transfer', 0);
insert into prescriptions (block_id, week_number, day_code, day_label, exercise, prescription, target_rpe, rest, transfer, sort_order) values (2, 21, 'C', 'C — Tuesday', 'Overhead rear throw', '5×3', '6–7', '45–60s', 'Explosive projection', 1);
insert into prescriptions (block_id, week_number, day_code, day_label, exercise, prescription, target_rpe, rest, transfer, sort_order) values (2, 21, 'C', 'C — Tuesday', 'Banded tokui-waza entry', '8–10×6–8 fast reps', '6–7', '20–40s', 'Throw-specific initiation force', 2);
insert into prescriptions (block_id, week_number, day_code, day_label, exercise, prescription, target_rpe, rest, transfer, sort_order) values (2, 21, 'C', 'C — Tuesday', 'Secondary throw band entry', '6–8×6–8 reps', '6–7', '20–40s', 'Combination readiness', 3);
insert into prescriptions (block_id, week_number, day_code, day_label, exercise, prescription, target_rpe, rest, transfer, sort_order) values (2, 21, 'C', 'C — Tuesday', 'Judogi pull-up cluster', '4×3–5', '7–8', '60–90s', 'Dynamic grip + upper-body pulling', 4);
insert into prescriptions (block_id, week_number, day_code, day_label, exercise, prescription, target_rpe, rest, transfer, sort_order) values (2, 21, 'C', 'C — Tuesday', 'Gi hang', '3×15–25s', '7–8', '45–60s', 'Isometric gripping under fatigue', 5);
insert into prescriptions (block_id, week_number, day_code, day_label, exercise, prescription, target_rpe, rest, transfer, sort_order) values (2, 21, 'C', 'C — Tuesday', 'Sled drag or rope drag', '4×15–20m', '7', '60s', 'Posture, leg drive, trunk stiffness', 6);
insert into prescriptions (block_id, week_number, day_code, day_label, exercise, prescription, target_rpe, rest, transfer, sort_order) values (2, 22, 'A', 'A — Monday', 'Front squat', 'Top set 1×2 @8.5 + 3×2 | 4×5 in Week 13; follow weekly table', '7–9', '2–3 min', 'Heavy bilateral force with upright posture', 0);
insert into prescriptions (block_id, week_number, day_code, day_label, exercise, prescription, target_rpe, rest, transfer, sort_order) values (2, 22, 'A', 'A — Monday', 'Weighted pull-up', '4×5', '7–9', '2 min', 'Relative strength and grip', 1);
insert into prescriptions (block_id, week_number, day_code, day_label, exercise, prescription, target_rpe, rest, transfer, sort_order) values (2, 22, 'A', 'A — Monday', 'Low-incline barbell press', '3×6', '7–8', '2 min', 'Strength plus hypertrophy retention', 2);
insert into prescriptions (block_id, week_number, day_code, day_label, exercise, prescription, target_rpe, rest, transfer, sort_order) values (2, 22, 'A', 'A — Monday', 'Romanian deadlift', '3×6', '7–8', '2 min', 'Hinge strength and hamstring loading', 3);
insert into prescriptions (block_id, week_number, day_code, day_label, exercise, prescription, target_rpe, rest, transfer, sort_order) values (2, 22, 'A', 'A — Monday', 'Chest-supported row', '3×8', '7–8', '75–90s', 'Upper-back stiffness and hypertrophy', 4);
insert into prescriptions (block_id, week_number, day_code, day_label, exercise, prescription, target_rpe, rest, transfer, sort_order) values (2, 22, 'A', 'A — Monday', 'Pallof press or anti-rotation cable lift', '2×8/side', '6–7', '45s', 'Trunk resistance to twisting', 5);
insert into prescriptions (block_id, week_number, day_code, day_label, exercise, prescription, target_rpe, rest, transfer, sort_order) values (2, 22, 'A', 'A — Monday', 'Neck work', '2×12–15 or 20s holds', '6–7', '30–45s', 'Low-cost robustness', 6);
insert into prescriptions (block_id, week_number, day_code, day_label, exercise, prescription, target_rpe, rest, transfer, sort_order) values (2, 22, 'B', 'B — Thursday', 'Trap-bar deadlift', 'Top set 1×2 @8.5 + 3×2 | 4×5 in Week 13; follow weekly table', '7–9', '2–3 min', 'Heavy whole-body force', 0);
insert into prescriptions (block_id, week_number, day_code, day_label, exercise, prescription, target_rpe, rest, transfer, sort_order) values (2, 22, 'B', 'B — Thursday', 'Push press', '4×4', '7–8', '2 min', 'Fast force through hips and shoulders', 1);
insert into prescriptions (block_id, week_number, day_code, day_label, exercise, prescription, target_rpe, rest, transfer, sort_order) values (2, 22, 'B', 'B — Thursday', 'Bulgarian split squat', '3×6/leg', '7–8', '75–90s', 'Unilateral leg force', 2);
insert into prescriptions (block_id, week_number, day_code, day_label, exercise, prescription, target_rpe, rest, transfer, sort_order) values (2, 22, 'B', 'B — Thursday', 'Close-grip bench press', '3×5–6', '7–8', '90–120s', 'Pressing strength with more triceps carryover', 3);
insert into prescriptions (block_id, week_number, day_code, day_label, exercise, prescription, target_rpe, rest, transfer, sort_order) values (2, 22, 'B', 'B — Thursday', 'Seal row', '3×6–8', '7–8', '75–90s', 'Thick upper back with minimal low-back load', 4);
insert into prescriptions (block_id, week_number, day_code, day_label, exercise, prescription, target_rpe, rest, transfer, sort_order) values (2, 22, 'B', 'B — Thursday', 'Hamstring curl', '2×8', '7', '60–75s', 'Knee-flexor resilience', 5);
insert into prescriptions (block_id, week_number, day_code, day_label, exercise, prescription, target_rpe, rest, transfer, sort_order) values (2, 22, 'B', 'B — Thursday', 'Copenhagen plank', '2×20–30s/side', '7', '30–45s', 'Adductor resilience', 6);
insert into prescriptions (block_id, week_number, day_code, day_label, exercise, prescription, target_rpe, rest, transfer, sort_order) values (2, 22, 'C', 'C — Tuesday', 'Rotational shot-put throw', '5×3/side', '6–7', '45–60s', 'Fast rotational transfer', 0);
insert into prescriptions (block_id, week_number, day_code, day_label, exercise, prescription, target_rpe, rest, transfer, sort_order) values (2, 22, 'C', 'C — Tuesday', 'Overhead rear throw', '5×3', '6–7', '45–60s', 'Explosive projection', 1);
insert into prescriptions (block_id, week_number, day_code, day_label, exercise, prescription, target_rpe, rest, transfer, sort_order) values (2, 22, 'C', 'C — Tuesday', 'Banded tokui-waza entry', '8–10×6–8 fast reps', '6–7', '20–40s', 'Throw-specific initiation force', 2);
insert into prescriptions (block_id, week_number, day_code, day_label, exercise, prescription, target_rpe, rest, transfer, sort_order) values (2, 22, 'C', 'C — Tuesday', 'Secondary throw band entry', '6–8×6–8 reps', '6–7', '20–40s', 'Combination readiness', 3);
insert into prescriptions (block_id, week_number, day_code, day_label, exercise, prescription, target_rpe, rest, transfer, sort_order) values (2, 22, 'C', 'C — Tuesday', 'Judogi pull-up cluster', '4×3–5', '7–8', '60–90s', 'Dynamic grip + upper-body pulling', 4);
insert into prescriptions (block_id, week_number, day_code, day_label, exercise, prescription, target_rpe, rest, transfer, sort_order) values (2, 22, 'C', 'C — Tuesday', 'Gi hang', '3×15–25s', '7–8', '45–60s', 'Isometric gripping under fatigue', 5);
insert into prescriptions (block_id, week_number, day_code, day_label, exercise, prescription, target_rpe, rest, transfer, sort_order) values (2, 22, 'C', 'C — Tuesday', 'Sled drag or rope drag', '4×15–20m', '7', '60s', 'Posture, leg drive, trunk stiffness', 6);
insert into prescriptions (block_id, week_number, day_code, day_label, exercise, prescription, target_rpe, rest, transfer, sort_order) values (2, 23, 'A', 'A — Monday', 'Front squat', 'Top set 1×2 @9 + 2×2 | 4×5 in Week 13; follow weekly table', '7–9', '2–3 min', 'Heavy bilateral force with upright posture', 0);
insert into prescriptions (block_id, week_number, day_code, day_label, exercise, prescription, target_rpe, rest, transfer, sort_order) values (2, 23, 'A', 'A — Monday', 'Weighted pull-up', '4×5', '7–9', '2 min', 'Relative strength and grip', 1);
insert into prescriptions (block_id, week_number, day_code, day_label, exercise, prescription, target_rpe, rest, transfer, sort_order) values (2, 23, 'A', 'A — Monday', 'Low-incline barbell press', '3×6', '7–8', '2 min', 'Strength plus hypertrophy retention', 2);
insert into prescriptions (block_id, week_number, day_code, day_label, exercise, prescription, target_rpe, rest, transfer, sort_order) values (2, 23, 'A', 'A — Monday', 'Romanian deadlift', '3×6', '7–8', '2 min', 'Hinge strength and hamstring loading', 3);
insert into prescriptions (block_id, week_number, day_code, day_label, exercise, prescription, target_rpe, rest, transfer, sort_order) values (2, 23, 'A', 'A — Monday', 'Chest-supported row', '3×8', '7–8', '75–90s', 'Upper-back stiffness and hypertrophy', 4);
insert into prescriptions (block_id, week_number, day_code, day_label, exercise, prescription, target_rpe, rest, transfer, sort_order) values (2, 23, 'A', 'A — Monday', 'Pallof press or anti-rotation cable lift', '2×8/side', '6–7', '45s', 'Trunk resistance to twisting', 5);
insert into prescriptions (block_id, week_number, day_code, day_label, exercise, prescription, target_rpe, rest, transfer, sort_order) values (2, 23, 'A', 'A — Monday', 'Neck work', '2×12–15 or 20s holds', '6–7', '30–45s', 'Low-cost robustness', 6);
insert into prescriptions (block_id, week_number, day_code, day_label, exercise, prescription, target_rpe, rest, transfer, sort_order) values (2, 23, 'B', 'B — Thursday', 'Trap-bar deadlift', 'Top set 1×2 @9 + 2×2 | 4×5 in Week 13; follow weekly table', '7–9', '2–3 min', 'Heavy whole-body force', 0);
insert into prescriptions (block_id, week_number, day_code, day_label, exercise, prescription, target_rpe, rest, transfer, sort_order) values (2, 23, 'B', 'B — Thursday', 'Push press', '4×4', '7–8', '2 min', 'Fast force through hips and shoulders', 1);
insert into prescriptions (block_id, week_number, day_code, day_label, exercise, prescription, target_rpe, rest, transfer, sort_order) values (2, 23, 'B', 'B — Thursday', 'Bulgarian split squat', '3×6/leg', '7–8', '75–90s', 'Unilateral leg force', 2);
insert into prescriptions (block_id, week_number, day_code, day_label, exercise, prescription, target_rpe, rest, transfer, sort_order) values (2, 23, 'B', 'B — Thursday', 'Close-grip bench press', '3×5–6', '7–8', '90–120s', 'Pressing strength with more triceps carryover', 3);
insert into prescriptions (block_id, week_number, day_code, day_label, exercise, prescription, target_rpe, rest, transfer, sort_order) values (2, 23, 'B', 'B — Thursday', 'Seal row', '3×6–8', '7–8', '75–90s', 'Thick upper back with minimal low-back load', 4);
insert into prescriptions (block_id, week_number, day_code, day_label, exercise, prescription, target_rpe, rest, transfer, sort_order) values (2, 23, 'B', 'B — Thursday', 'Hamstring curl', '2×8', '7', '60–75s', 'Knee-flexor resilience', 5);
insert into prescriptions (block_id, week_number, day_code, day_label, exercise, prescription, target_rpe, rest, transfer, sort_order) values (2, 23, 'B', 'B — Thursday', 'Copenhagen plank', '2×20–30s/side', '7', '30–45s', 'Adductor resilience', 6);
insert into prescriptions (block_id, week_number, day_code, day_label, exercise, prescription, target_rpe, rest, transfer, sort_order) values (2, 23, 'C', 'C — Tuesday', 'Rotational shot-put throw', '5×3/side', '6–7', '45–60s', 'Fast rotational transfer', 0);
insert into prescriptions (block_id, week_number, day_code, day_label, exercise, prescription, target_rpe, rest, transfer, sort_order) values (2, 23, 'C', 'C — Tuesday', 'Overhead rear throw', '5×3', '6–7', '45–60s', 'Explosive projection', 1);
insert into prescriptions (block_id, week_number, day_code, day_label, exercise, prescription, target_rpe, rest, transfer, sort_order) values (2, 23, 'C', 'C — Tuesday', 'Banded tokui-waza entry', '8–10×6–8 fast reps', '6–7', '20–40s', 'Throw-specific initiation force', 2);
insert into prescriptions (block_id, week_number, day_code, day_label, exercise, prescription, target_rpe, rest, transfer, sort_order) values (2, 23, 'C', 'C — Tuesday', 'Secondary throw band entry', '6–8×6–8 reps', '6–7', '20–40s', 'Combination readiness', 3);
insert into prescriptions (block_id, week_number, day_code, day_label, exercise, prescription, target_rpe, rest, transfer, sort_order) values (2, 23, 'C', 'C — Tuesday', 'Judogi pull-up cluster', '4×3–5', '7–8', '60–90s', 'Dynamic grip + upper-body pulling', 4);
insert into prescriptions (block_id, week_number, day_code, day_label, exercise, prescription, target_rpe, rest, transfer, sort_order) values (2, 23, 'C', 'C — Tuesday', 'Gi hang', '3×15–25s', '7–8', '45–60s', 'Isometric gripping under fatigue', 5);
insert into prescriptions (block_id, week_number, day_code, day_label, exercise, prescription, target_rpe, rest, transfer, sort_order) values (2, 23, 'C', 'C — Tuesday', 'Sled drag or rope drag', '4×15–20m', '7', '60s', 'Posture, leg drive, trunk stiffness', 6);
insert into prescriptions (block_id, week_number, day_code, day_label, exercise, prescription, target_rpe, rest, transfer, sort_order) values (2, 24, 'A', 'A — Monday', 'Front squat', 'Deload / e1RM check single @8 | 4×5 in Week 13; follow weekly table', '7–9', '2–3 min', 'Heavy bilateral force with upright posture', 0);
insert into prescriptions (block_id, week_number, day_code, day_label, exercise, prescription, target_rpe, rest, transfer, sort_order) values (2, 24, 'A', 'A — Monday', 'Weighted pull-up', '4×5', '7–9', '2 min', 'Relative strength and grip', 1);
insert into prescriptions (block_id, week_number, day_code, day_label, exercise, prescription, target_rpe, rest, transfer, sort_order) values (2, 24, 'A', 'A — Monday', 'Low-incline barbell press', '3×6', '7–8', '2 min', 'Strength plus hypertrophy retention', 2);
insert into prescriptions (block_id, week_number, day_code, day_label, exercise, prescription, target_rpe, rest, transfer, sort_order) values (2, 24, 'A', 'A — Monday', 'Romanian deadlift', '3×6', '7–8', '2 min', 'Hinge strength and hamstring loading', 3);
insert into prescriptions (block_id, week_number, day_code, day_label, exercise, prescription, target_rpe, rest, transfer, sort_order) values (2, 24, 'A', 'A — Monday', 'Chest-supported row', '3×8', '7–8', '75–90s', 'Upper-back stiffness and hypertrophy', 4);
insert into prescriptions (block_id, week_number, day_code, day_label, exercise, prescription, target_rpe, rest, transfer, sort_order) values (2, 24, 'A', 'A — Monday', 'Pallof press or anti-rotation cable lift', '2×8/side', '6–7', '45s', 'Trunk resistance to twisting', 5);
insert into prescriptions (block_id, week_number, day_code, day_label, exercise, prescription, target_rpe, rest, transfer, sort_order) values (2, 24, 'A', 'A — Monday', 'Neck work', '2×12–15 or 20s holds', '6–7', '30–45s', 'Low-cost robustness', 6);
insert into prescriptions (block_id, week_number, day_code, day_label, exercise, prescription, target_rpe, rest, transfer, sort_order) values (2, 24, 'B', 'B — Thursday', 'Trap-bar deadlift', 'Deload / e1RM check single @8 | 4×5 in Week 13; follow weekly table', '7–9', '2–3 min', 'Heavy whole-body force', 0);
insert into prescriptions (block_id, week_number, day_code, day_label, exercise, prescription, target_rpe, rest, transfer, sort_order) values (2, 24, 'B', 'B — Thursday', 'Push press', '4×4', '7–8', '2 min', 'Fast force through hips and shoulders', 1);
insert into prescriptions (block_id, week_number, day_code, day_label, exercise, prescription, target_rpe, rest, transfer, sort_order) values (2, 24, 'B', 'B — Thursday', 'Bulgarian split squat', '3×6/leg', '7–8', '75–90s', 'Unilateral leg force', 2);
insert into prescriptions (block_id, week_number, day_code, day_label, exercise, prescription, target_rpe, rest, transfer, sort_order) values (2, 24, 'B', 'B — Thursday', 'Close-grip bench press', '3×5–6', '7–8', '90–120s', 'Pressing strength with more triceps carryover', 3);
insert into prescriptions (block_id, week_number, day_code, day_label, exercise, prescription, target_rpe, rest, transfer, sort_order) values (2, 24, 'B', 'B — Thursday', 'Seal row', '3×6–8', '7–8', '75–90s', 'Thick upper back with minimal low-back load', 4);
insert into prescriptions (block_id, week_number, day_code, day_label, exercise, prescription, target_rpe, rest, transfer, sort_order) values (2, 24, 'B', 'B — Thursday', 'Hamstring curl', '2×8', '7', '60–75s', 'Knee-flexor resilience', 5);
insert into prescriptions (block_id, week_number, day_code, day_label, exercise, prescription, target_rpe, rest, transfer, sort_order) values (2, 24, 'B', 'B — Thursday', 'Copenhagen plank', '2×20–30s/side', '7', '30–45s', 'Adductor resilience', 6);
insert into prescriptions (block_id, week_number, day_code, day_label, exercise, prescription, target_rpe, rest, transfer, sort_order) values (2, 24, 'C', 'C — Tuesday', 'Rotational shot-put throw', '5×3/side', '6–7', '45–60s', 'Fast rotational transfer', 0);
insert into prescriptions (block_id, week_number, day_code, day_label, exercise, prescription, target_rpe, rest, transfer, sort_order) values (2, 24, 'C', 'C — Tuesday', 'Overhead rear throw', '5×3', '6–7', '45–60s', 'Explosive projection', 1);
insert into prescriptions (block_id, week_number, day_code, day_label, exercise, prescription, target_rpe, rest, transfer, sort_order) values (2, 24, 'C', 'C — Tuesday', 'Banded tokui-waza entry', '8–10×6–8 fast reps', '6–7', '20–40s', 'Throw-specific initiation force', 2);
insert into prescriptions (block_id, week_number, day_code, day_label, exercise, prescription, target_rpe, rest, transfer, sort_order) values (2, 24, 'C', 'C — Tuesday', 'Secondary throw band entry', '6–8×6–8 reps', '6–7', '20–40s', 'Combination readiness', 3);
insert into prescriptions (block_id, week_number, day_code, day_label, exercise, prescription, target_rpe, rest, transfer, sort_order) values (2, 24, 'C', 'C — Tuesday', 'Judogi pull-up cluster', '4×3–5', '7–8', '60–90s', 'Dynamic grip + upper-body pulling', 4);
insert into prescriptions (block_id, week_number, day_code, day_label, exercise, prescription, target_rpe, rest, transfer, sort_order) values (2, 24, 'C', 'C — Tuesday', 'Gi hang', '3×15–25s', '7–8', '45–60s', 'Isometric gripping under fatigue', 5);
insert into prescriptions (block_id, week_number, day_code, day_label, exercise, prescription, target_rpe, rest, transfer, sort_order) values (2, 24, 'C', 'C — Tuesday', 'Sled drag or rope drag', '4×15–20m', '7', '60s', 'Posture, leg drive, trunk stiffness', 6);

-- exercise_library (block 2)
insert into exercise_library (block_id, day_code, day_label, exercise, default_prescription, rpe, rest, transfer, sort_order) values (2, 'A', 'A — Monday', 'Front squat', '4×5 in Week 13; follow weekly table', '7–9', '2–3 min', 'Heavy bilateral force with upright posture', 0);
insert into exercise_library (block_id, day_code, day_label, exercise, default_prescription, rpe, rest, transfer, sort_order) values (2, 'A', 'A — Monday', 'Weighted pull-up', '4×5', '7–9', '2 min', 'Relative strength and grip', 1);
insert into exercise_library (block_id, day_code, day_label, exercise, default_prescription, rpe, rest, transfer, sort_order) values (2, 'A', 'A — Monday', 'Low-incline barbell press', '3×6', '7–8', '2 min', 'Strength plus hypertrophy retention', 2);
insert into exercise_library (block_id, day_code, day_label, exercise, default_prescription, rpe, rest, transfer, sort_order) values (2, 'A', 'A — Monday', 'Romanian deadlift', '3×6', '7–8', '2 min', 'Hinge strength and hamstring loading', 3);
insert into exercise_library (block_id, day_code, day_label, exercise, default_prescription, rpe, rest, transfer, sort_order) values (2, 'A', 'A — Monday', 'Chest-supported row', '3×8', '7–8', '75–90s', 'Upper-back stiffness and hypertrophy', 4);
insert into exercise_library (block_id, day_code, day_label, exercise, default_prescription, rpe, rest, transfer, sort_order) values (2, 'A', 'A — Monday', 'Pallof press or anti-rotation cable lift', '2×8/side', '6–7', '45s', 'Trunk resistance to twisting', 5);
insert into exercise_library (block_id, day_code, day_label, exercise, default_prescription, rpe, rest, transfer, sort_order) values (2, 'A', 'A — Monday', 'Neck work', '2×12–15 or 20s holds', '6–7', '30–45s', 'Low-cost robustness', 6);
insert into exercise_library (block_id, day_code, day_label, exercise, default_prescription, rpe, rest, transfer, sort_order) values (2, 'B', 'B — Thursday', 'Trap-bar deadlift', '4×5 in Week 13; follow weekly table', '7–9', '2–3 min', 'Heavy whole-body force', 7);
insert into exercise_library (block_id, day_code, day_label, exercise, default_prescription, rpe, rest, transfer, sort_order) values (2, 'B', 'B — Thursday', 'Push press', '4×4', '7–8', '2 min', 'Fast force through hips and shoulders', 8);
insert into exercise_library (block_id, day_code, day_label, exercise, default_prescription, rpe, rest, transfer, sort_order) values (2, 'B', 'B — Thursday', 'Bulgarian split squat', '3×6/leg', '7–8', '75–90s', 'Unilateral leg force', 9);
insert into exercise_library (block_id, day_code, day_label, exercise, default_prescription, rpe, rest, transfer, sort_order) values (2, 'B', 'B — Thursday', 'Close-grip bench press', '3×5–6', '7–8', '90–120s', 'Pressing strength with more triceps carryover', 10);
insert into exercise_library (block_id, day_code, day_label, exercise, default_prescription, rpe, rest, transfer, sort_order) values (2, 'B', 'B — Thursday', 'Seal row', '3×6–8', '7–8', '75–90s', 'Thick upper back with minimal low-back load', 11);
insert into exercise_library (block_id, day_code, day_label, exercise, default_prescription, rpe, rest, transfer, sort_order) values (2, 'B', 'B — Thursday', 'Hamstring curl', '2×8', '7', '60–75s', 'Knee-flexor resilience', 12);
insert into exercise_library (block_id, day_code, day_label, exercise, default_prescription, rpe, rest, transfer, sort_order) values (2, 'B', 'B — Thursday', 'Copenhagen plank', '2×20–30s/side', '7', '30–45s', 'Adductor resilience', 13);
insert into exercise_library (block_id, day_code, day_label, exercise, default_prescription, rpe, rest, transfer, sort_order) values (2, 'C', 'C — Tuesday', 'Rotational shot-put throw', '5×3/side', '6–7', '45–60s', 'Fast rotational transfer', 14);
insert into exercise_library (block_id, day_code, day_label, exercise, default_prescription, rpe, rest, transfer, sort_order) values (2, 'C', 'C — Tuesday', 'Overhead rear throw', '5×3', '6–7', '45–60s', 'Explosive projection', 15);
insert into exercise_library (block_id, day_code, day_label, exercise, default_prescription, rpe, rest, transfer, sort_order) values (2, 'C', 'C — Tuesday', 'Banded tokui-waza entry', '8–10×6–8 fast reps', '6–7', '20–40s', 'Throw-specific initiation force', 16);
insert into exercise_library (block_id, day_code, day_label, exercise, default_prescription, rpe, rest, transfer, sort_order) values (2, 'C', 'C — Tuesday', 'Secondary throw band entry', '6–8×6–8 reps', '6–7', '20–40s', 'Combination readiness', 17);
insert into exercise_library (block_id, day_code, day_label, exercise, default_prescription, rpe, rest, transfer, sort_order) values (2, 'C', 'C — Tuesday', 'Judogi pull-up cluster', '4×3–5', '7–8', '60–90s', 'Dynamic grip + upper-body pulling', 18);
insert into exercise_library (block_id, day_code, day_label, exercise, default_prescription, rpe, rest, transfer, sort_order) values (2, 'C', 'C — Tuesday', 'Gi hang', '3×15–25s', '7–8', '45–60s', 'Isometric gripping under fatigue', 19);
insert into exercise_library (block_id, day_code, day_label, exercise, default_prescription, rpe, rest, transfer, sort_order) values (2, 'C', 'C — Tuesday', 'Sled drag or rope drag', '4×15–20m', '7', '60s', 'Posture, leg drive, trunk stiffness', 20);

-- progression_rules (block 2)
insert into progression_rules (block_id, rule, implementation, sort_order) values (2, 'Primary lifts', 'RPE-governed progression; add load only if target RPE and technique are clean.', 0);
insert into progression_rules (block_id, rule, implementation, sort_order) values (2, 'Weighted pulls', 'Double progression; use pulldown when elbows/fingers are irritated.', 1);
insert into progression_rules (block_id, rule, implementation, sort_order) values (2, 'Accessories', 'Use double progression; after hard randori, trim accessories before main lifts.', 2);
insert into progression_rules (block_id, rule, implementation, sort_order) values (2, 'Medicine-ball throws', 'Progress speed first, load second. Never let throws become grinders.', 3);
insert into progression_rules (block_id, rule, implementation, sort_order) values (2, 'Fatigue rule', 'Protect judo quality first: trim Thursday grip → Thursday accessories → Day C density → main lifts.', 4);
insert into progression_rules (block_id, rule, implementation, sort_order) values (2, 'Deloads', 'Every 4th week: reduce hard sets 35–50%, lower intensity 5–10%, avoid failure.', 5);

-- program_weeks (block 3)
insert into program_weeks (week_number, block_id, focus, day_a_main, day_b_main, day_c_focus, hard_sets, main_rpe) values (25, 3, 'Speed base', 'Speed squat 5×3 @6; strength maintenance 3×5 @7', 'Ballistic pull 5×3 @6; press 3×5 @7', 'Med-ball basics + 1:3 uchi-komi intervals', 22, 6);
insert into program_weeks (week_number, block_id, focus, day_a_main, day_b_main, day_c_focus, hard_sets, main_rpe) values (26, 3, 'Build speed', 'Speed squat 6×2 @6.5', 'Ballistic pull 6×2 @6.5', 'Same, slightly denser', 23, 6.5);
insert into program_weeks (week_number, block_id, focus, day_a_main, day_b_main, day_c_focus, hard_sets, main_rpe) values (27, 3, 'Hardest wave', 'Speed squat 6×2 @7', 'Ballistic pull 6×2 @7', 'Hardest repeated-power week of wave', 24, 7);
insert into program_weeks (week_number, block_id, focus, day_a_main, day_b_main, day_c_focus, hard_sets, main_rpe) values (28, 3, 'Deload', 'Deload 3×2 @5–6', 'Deload 3×2 @5–6', 'Technique-only', 14, 5.5);
insert into program_weeks (week_number, block_id, focus, day_a_main, day_b_main, day_c_focus, hard_sets, main_rpe) values (29, 3, 'Rebuild', 'Speed squat 5×3 @6.5', 'Ballistic pull 5×3 @6.5', 'Rebuild, moderate density', 21, 6.5);
insert into program_weeks (week_number, block_id, focus, day_a_main, day_b_main, day_c_focus, hard_sets, main_rpe) values (30, 3, 'Power build', 'Speed squat 6×2 @7', 'Ballistic pull 6×2 @7', 'Add med-ball throw set', 22, 7);
insert into program_weeks (week_number, block_id, focus, day_a_main, day_b_main, day_c_focus, hard_sets, main_rpe) values (31, 3, 'Peak power', 'Speed squat 8×1–2 @7.5', 'Ballistic pull 8×1–2 @7.5', 'Peak power week', 22, 7.5);
insert into program_weeks (week_number, block_id, focus, day_a_main, day_b_main, day_c_focus, hard_sets, main_rpe) values (32, 3, 'Deload', 'Deload 3×2 @5–6', 'Deload 3×2 @5–6', 'Reduce grip volume', 14, 5.5);
insert into program_weeks (week_number, block_id, focus, day_a_main, day_b_main, day_c_focus, hard_sets, main_rpe) values (33, 3, 'Quality', 'Speed squat 5×2 @7', 'Ballistic pull 5×2 @7', 'Keep quality high', 20, 7);
insert into program_weeks (week_number, block_id, focus, day_a_main, day_b_main, day_c_focus, hard_sets, main_rpe) values (34, 3, 'Density', 'Speed squat 6×1–2 @7.5', 'Ballistic pull 6×1–2 @7.5', 'Slightly shorter rests', 20, 7.5);
insert into program_weeks (week_number, block_id, focus, day_a_main, day_b_main, day_c_focus, hard_sets, main_rpe) values (35, 3, 'Realization', '4×1 @8 + crisp back-offs', '4×1 @8 + crisp back-offs', 'Low-volume realization week', 18, 8);
insert into program_weeks (week_number, block_id, focus, day_a_main, day_b_main, day_c_focus, hard_sets, main_rpe) values (36, 3, 'Deload / assessment', 'Deload / assessment', 'Deload / assessment', 'Re-test throw quality and grip endurance', 12, 6);

-- prescriptions (block 3)
insert into prescriptions (block_id, week_number, day_code, day_label, exercise, prescription, target_rpe, rest, transfer, sort_order) values (3, 25, 'A', 'A — Monday', 'Jump primer', '3×3', '5–6', '45–60s', 'Fast neural readiness', 0);
insert into prescriptions (block_id, week_number, day_code, day_label, exercise, prescription, target_rpe, rest, transfer, sort_order) values (3, 25, 'A', 'A — Monday', 'Front squat speed sets', 'Speed squat 5×3 @6; strength maintenance 3×5 @7 | 5×3 in Week 25; follow weekly table', '6–8', '2 min', 'Force expressed faster', 1);
insert into prescriptions (block_id, week_number, day_code, day_label, exercise, prescription, target_rpe, rest, transfer, sort_order) values (3, 25, 'A', 'A — Monday', 'Weighted pull-up', '4×4–5', '7–8', '2 min', 'Relative pulling power', 2);
insert into prescriptions (block_id, week_number, day_code, day_label, exercise, prescription, target_rpe, rest, transfer, sort_order) values (3, 25, 'A', 'A — Monday', 'Low-incline barbell press', '3×6', '7', '90–120s', 'Maintenance of pressing strength', 3);
insert into prescriptions (block_id, week_number, day_code, day_label, exercise, prescription, target_rpe, rest, transfer, sort_order) values (3, 25, 'A', 'A — Monday', 'Romanian deadlift', '3×5–6', '7', '2 min', 'Posterior-chain maintenance', 4);
insert into prescriptions (block_id, week_number, day_code, day_label, exercise, prescription, target_rpe, rest, transfer, sort_order) values (3, 25, 'A', 'A — Monday', 'Chest-supported row', '3×8', '7', '75–90s', 'Upper-back maintenance', 5);
insert into prescriptions (block_id, week_number, day_code, day_label, exercise, prescription, target_rpe, rest, transfer, sort_order) values (3, 25, 'A', 'A — Monday', 'Landmine rotation', '3×6/side', '6–7', '45–60s', 'Rotational strength-speed', 6);
insert into prescriptions (block_id, week_number, day_code, day_label, exercise, prescription, target_rpe, rest, transfer, sort_order) values (3, 25, 'B', 'B — Thursday', 'Hang high pull or jump shrug', 'Ballistic pull 5×3 @6; press 3×5 @7 | 5×3 in Week 25; follow weekly table', '6–8', '90–120s', 'Triple extension with low skill cost', 0);
insert into prescriptions (block_id, week_number, day_code, day_label, exercise, prescription, target_rpe, rest, transfer, sort_order) values (3, 25, 'B', 'B — Thursday', 'Push press or push jerk', '5×3', '6–8', '2 min', 'Explosive vertical pressing', 1);
insert into prescriptions (block_id, week_number, day_code, day_label, exercise, prescription, target_rpe, rest, transfer, sort_order) values (3, 25, 'B', 'B — Thursday', 'Bulgarian split squat', '3×5/leg', '7', '75–90s', 'Unilateral force retention', 2);
insert into prescriptions (block_id, week_number, day_code, day_label, exercise, prescription, target_rpe, rest, transfer, sort_order) values (3, 25, 'B', 'B — Thursday', 'Flat DB press', '3×8', '7', '75–90s', 'Upper-body hypertrophy retention', 3);
insert into prescriptions (block_id, week_number, day_code, day_label, exercise, prescription, target_rpe, rest, transfer, sort_order) values (3, 25, 'B', 'B — Thursday', 'Neutral-grip pulldown or chin-up', '3×6–8', '7', '75–90s', 'Pulling volume', 4);
insert into prescriptions (block_id, week_number, day_code, day_label, exercise, prescription, target_rpe, rest, transfer, sort_order) values (3, 25, 'B', 'B — Thursday', 'Hamstring curl or Nordic regression', '2×6–8', '7', '60–75s', 'Hamstring resilience', 5);
insert into prescriptions (block_id, week_number, day_code, day_label, exercise, prescription, target_rpe, rest, transfer, sort_order) values (3, 25, 'C', 'C — Tuesday', 'Rotational scoop toss', '4–5×3/side', '6–7', '45–60s', 'Fast transverse-plane power', 0);
insert into prescriptions (block_id, week_number, day_code, day_label, exercise, prescription, target_rpe, rest, transfer, sort_order) values (3, 25, 'C', 'C — Tuesday', 'Overhead rear throw', '4–5×3', '6–7', '45–60s', 'Hip extension and projection', 1);
insert into prescriptions (block_id, week_number, day_code, day_label, exercise, prescription, target_rpe, rest, transfer, sort_order) values (3, 25, 'C', 'C — Tuesday', 'Step-in shot-put throw', '4×3/side', '6–7', '45–60s', 'Entering velocity and release intent', 2);
insert into prescriptions (block_id, week_number, day_code, day_label, exercise, prescription, target_rpe, rest, transfer, sort_order) values (3, 25, 'C', 'C — Tuesday', 'Uchi-komi intervals', '2 blocks of 6–10 bouts', '7–8', '1:2 to 1:3 work:rest', 'Repeat power and entry endurance', 3);
insert into prescriptions (block_id, week_number, day_code, day_label, exercise, prescription, target_rpe, rest, transfer, sort_order) values (3, 25, 'C', 'C — Tuesday', 'Judogi dynamic grip circuit', '3 rounds', '7–8', '60–90s between rounds', 'Dynamic and isometric grip endurance', 4);
insert into prescriptions (block_id, week_number, day_code, day_label, exercise, prescription, target_rpe, rest, transfer, sort_order) values (3, 25, 'C', 'C — Tuesday', 'Carry or crawl finisher', '2–3 rounds', '6–7', '45–60s', 'Trunk stiffness and shoulder stability', 5);
insert into prescriptions (block_id, week_number, day_code, day_label, exercise, prescription, target_rpe, rest, transfer, sort_order) values (3, 26, 'A', 'A — Monday', 'Jump primer', '3×3', '5–6', '45–60s', 'Fast neural readiness', 0);
insert into prescriptions (block_id, week_number, day_code, day_label, exercise, prescription, target_rpe, rest, transfer, sort_order) values (3, 26, 'A', 'A — Monday', 'Front squat speed sets', 'Speed squat 6×2 @6.5 | 5×3 in Week 25; follow weekly table', '6–8', '2 min', 'Force expressed faster', 1);
insert into prescriptions (block_id, week_number, day_code, day_label, exercise, prescription, target_rpe, rest, transfer, sort_order) values (3, 26, 'A', 'A — Monday', 'Weighted pull-up', '4×4–5', '7–8', '2 min', 'Relative pulling power', 2);
insert into prescriptions (block_id, week_number, day_code, day_label, exercise, prescription, target_rpe, rest, transfer, sort_order) values (3, 26, 'A', 'A — Monday', 'Low-incline barbell press', '3×6', '7', '90–120s', 'Maintenance of pressing strength', 3);
insert into prescriptions (block_id, week_number, day_code, day_label, exercise, prescription, target_rpe, rest, transfer, sort_order) values (3, 26, 'A', 'A — Monday', 'Romanian deadlift', '3×5–6', '7', '2 min', 'Posterior-chain maintenance', 4);
insert into prescriptions (block_id, week_number, day_code, day_label, exercise, prescription, target_rpe, rest, transfer, sort_order) values (3, 26, 'A', 'A — Monday', 'Chest-supported row', '3×8', '7', '75–90s', 'Upper-back maintenance', 5);
insert into prescriptions (block_id, week_number, day_code, day_label, exercise, prescription, target_rpe, rest, transfer, sort_order) values (3, 26, 'A', 'A — Monday', 'Landmine rotation', '3×6/side', '6–7', '45–60s', 'Rotational strength-speed', 6);
insert into prescriptions (block_id, week_number, day_code, day_label, exercise, prescription, target_rpe, rest, transfer, sort_order) values (3, 26, 'B', 'B — Thursday', 'Hang high pull or jump shrug', 'Ballistic pull 6×2 @6.5 | 5×3 in Week 25; follow weekly table', '6–8', '90–120s', 'Triple extension with low skill cost', 0);
insert into prescriptions (block_id, week_number, day_code, day_label, exercise, prescription, target_rpe, rest, transfer, sort_order) values (3, 26, 'B', 'B — Thursday', 'Push press or push jerk', '5×3', '6–8', '2 min', 'Explosive vertical pressing', 1);
insert into prescriptions (block_id, week_number, day_code, day_label, exercise, prescription, target_rpe, rest, transfer, sort_order) values (3, 26, 'B', 'B — Thursday', 'Bulgarian split squat', '3×5/leg', '7', '75–90s', 'Unilateral force retention', 2);
insert into prescriptions (block_id, week_number, day_code, day_label, exercise, prescription, target_rpe, rest, transfer, sort_order) values (3, 26, 'B', 'B — Thursday', 'Flat DB press', '3×8', '7', '75–90s', 'Upper-body hypertrophy retention', 3);
insert into prescriptions (block_id, week_number, day_code, day_label, exercise, prescription, target_rpe, rest, transfer, sort_order) values (3, 26, 'B', 'B — Thursday', 'Neutral-grip pulldown or chin-up', '3×6–8', '7', '75–90s', 'Pulling volume', 4);
insert into prescriptions (block_id, week_number, day_code, day_label, exercise, prescription, target_rpe, rest, transfer, sort_order) values (3, 26, 'B', 'B — Thursday', 'Hamstring curl or Nordic regression', '2×6–8', '7', '60–75s', 'Hamstring resilience', 5);
insert into prescriptions (block_id, week_number, day_code, day_label, exercise, prescription, target_rpe, rest, transfer, sort_order) values (3, 26, 'C', 'C — Tuesday', 'Rotational scoop toss', '4–5×3/side', '6–7', '45–60s', 'Fast transverse-plane power', 0);
insert into prescriptions (block_id, week_number, day_code, day_label, exercise, prescription, target_rpe, rest, transfer, sort_order) values (3, 26, 'C', 'C — Tuesday', 'Overhead rear throw', '4–5×3', '6–7', '45–60s', 'Hip extension and projection', 1);
insert into prescriptions (block_id, week_number, day_code, day_label, exercise, prescription, target_rpe, rest, transfer, sort_order) values (3, 26, 'C', 'C — Tuesday', 'Step-in shot-put throw', '4×3/side', '6–7', '45–60s', 'Entering velocity and release intent', 2);
insert into prescriptions (block_id, week_number, day_code, day_label, exercise, prescription, target_rpe, rest, transfer, sort_order) values (3, 26, 'C', 'C — Tuesday', 'Uchi-komi intervals', '2 blocks of 6–10 bouts', '7–8', '1:2 to 1:3 work:rest', 'Repeat power and entry endurance', 3);
insert into prescriptions (block_id, week_number, day_code, day_label, exercise, prescription, target_rpe, rest, transfer, sort_order) values (3, 26, 'C', 'C — Tuesday', 'Judogi dynamic grip circuit', '3 rounds', '7–8', '60–90s between rounds', 'Dynamic and isometric grip endurance', 4);
insert into prescriptions (block_id, week_number, day_code, day_label, exercise, prescription, target_rpe, rest, transfer, sort_order) values (3, 26, 'C', 'C — Tuesday', 'Carry or crawl finisher', '2–3 rounds', '6–7', '45–60s', 'Trunk stiffness and shoulder stability', 5);
insert into prescriptions (block_id, week_number, day_code, day_label, exercise, prescription, target_rpe, rest, transfer, sort_order) values (3, 27, 'A', 'A — Monday', 'Jump primer', '3×3', '5–6', '45–60s', 'Fast neural readiness', 0);
insert into prescriptions (block_id, week_number, day_code, day_label, exercise, prescription, target_rpe, rest, transfer, sort_order) values (3, 27, 'A', 'A — Monday', 'Front squat speed sets', 'Speed squat 6×2 @7 | 5×3 in Week 25; follow weekly table', '6–8', '2 min', 'Force expressed faster', 1);
insert into prescriptions (block_id, week_number, day_code, day_label, exercise, prescription, target_rpe, rest, transfer, sort_order) values (3, 27, 'A', 'A — Monday', 'Weighted pull-up', '4×4–5', '7–8', '2 min', 'Relative pulling power', 2);
insert into prescriptions (block_id, week_number, day_code, day_label, exercise, prescription, target_rpe, rest, transfer, sort_order) values (3, 27, 'A', 'A — Monday', 'Low-incline barbell press', '3×6', '7', '90–120s', 'Maintenance of pressing strength', 3);
insert into prescriptions (block_id, week_number, day_code, day_label, exercise, prescription, target_rpe, rest, transfer, sort_order) values (3, 27, 'A', 'A — Monday', 'Romanian deadlift', '3×5–6', '7', '2 min', 'Posterior-chain maintenance', 4);
insert into prescriptions (block_id, week_number, day_code, day_label, exercise, prescription, target_rpe, rest, transfer, sort_order) values (3, 27, 'A', 'A — Monday', 'Chest-supported row', '3×8', '7', '75–90s', 'Upper-back maintenance', 5);
insert into prescriptions (block_id, week_number, day_code, day_label, exercise, prescription, target_rpe, rest, transfer, sort_order) values (3, 27, 'A', 'A — Monday', 'Landmine rotation', '3×6/side', '6–7', '45–60s', 'Rotational strength-speed', 6);
insert into prescriptions (block_id, week_number, day_code, day_label, exercise, prescription, target_rpe, rest, transfer, sort_order) values (3, 27, 'B', 'B — Thursday', 'Hang high pull or jump shrug', 'Ballistic pull 6×2 @7 | 5×3 in Week 25; follow weekly table', '6–8', '90–120s', 'Triple extension with low skill cost', 0);
insert into prescriptions (block_id, week_number, day_code, day_label, exercise, prescription, target_rpe, rest, transfer, sort_order) values (3, 27, 'B', 'B — Thursday', 'Push press or push jerk', '5×3', '6–8', '2 min', 'Explosive vertical pressing', 1);
insert into prescriptions (block_id, week_number, day_code, day_label, exercise, prescription, target_rpe, rest, transfer, sort_order) values (3, 27, 'B', 'B — Thursday', 'Bulgarian split squat', '3×5/leg', '7', '75–90s', 'Unilateral force retention', 2);
insert into prescriptions (block_id, week_number, day_code, day_label, exercise, prescription, target_rpe, rest, transfer, sort_order) values (3, 27, 'B', 'B — Thursday', 'Flat DB press', '3×8', '7', '75–90s', 'Upper-body hypertrophy retention', 3);
insert into prescriptions (block_id, week_number, day_code, day_label, exercise, prescription, target_rpe, rest, transfer, sort_order) values (3, 27, 'B', 'B — Thursday', 'Neutral-grip pulldown or chin-up', '3×6–8', '7', '75–90s', 'Pulling volume', 4);
insert into prescriptions (block_id, week_number, day_code, day_label, exercise, prescription, target_rpe, rest, transfer, sort_order) values (3, 27, 'B', 'B — Thursday', 'Hamstring curl or Nordic regression', '2×6–8', '7', '60–75s', 'Hamstring resilience', 5);
insert into prescriptions (block_id, week_number, day_code, day_label, exercise, prescription, target_rpe, rest, transfer, sort_order) values (3, 27, 'C', 'C — Tuesday', 'Rotational scoop toss', '4–5×3/side', '6–7', '45–60s', 'Fast transverse-plane power', 0);
insert into prescriptions (block_id, week_number, day_code, day_label, exercise, prescription, target_rpe, rest, transfer, sort_order) values (3, 27, 'C', 'C — Tuesday', 'Overhead rear throw', '4–5×3', '6–7', '45–60s', 'Hip extension and projection', 1);
insert into prescriptions (block_id, week_number, day_code, day_label, exercise, prescription, target_rpe, rest, transfer, sort_order) values (3, 27, 'C', 'C — Tuesday', 'Step-in shot-put throw', '4×3/side', '6–7', '45–60s', 'Entering velocity and release intent', 2);
insert into prescriptions (block_id, week_number, day_code, day_label, exercise, prescription, target_rpe, rest, transfer, sort_order) values (3, 27, 'C', 'C — Tuesday', 'Uchi-komi intervals', '2 blocks of 6–10 bouts', '7–8', '1:2 to 1:3 work:rest', 'Repeat power and entry endurance', 3);
insert into prescriptions (block_id, week_number, day_code, day_label, exercise, prescription, target_rpe, rest, transfer, sort_order) values (3, 27, 'C', 'C — Tuesday', 'Judogi dynamic grip circuit', '3 rounds', '7–8', '60–90s between rounds', 'Dynamic and isometric grip endurance', 4);
insert into prescriptions (block_id, week_number, day_code, day_label, exercise, prescription, target_rpe, rest, transfer, sort_order) values (3, 27, 'C', 'C — Tuesday', 'Carry or crawl finisher', '2–3 rounds', '6–7', '45–60s', 'Trunk stiffness and shoulder stability', 5);
insert into prescriptions (block_id, week_number, day_code, day_label, exercise, prescription, target_rpe, rest, transfer, sort_order) values (3, 28, 'A', 'A — Monday', 'Jump primer', '3×3', '5–6', '45–60s', 'Fast neural readiness', 0);
insert into prescriptions (block_id, week_number, day_code, day_label, exercise, prescription, target_rpe, rest, transfer, sort_order) values (3, 28, 'A', 'A — Monday', 'Front squat speed sets', 'Deload 3×2 @5–6 | 5×3 in Week 25; follow weekly table', '6–8', '2 min', 'Force expressed faster', 1);
insert into prescriptions (block_id, week_number, day_code, day_label, exercise, prescription, target_rpe, rest, transfer, sort_order) values (3, 28, 'A', 'A — Monday', 'Weighted pull-up', '4×4–5', '7–8', '2 min', 'Relative pulling power', 2);
insert into prescriptions (block_id, week_number, day_code, day_label, exercise, prescription, target_rpe, rest, transfer, sort_order) values (3, 28, 'A', 'A — Monday', 'Low-incline barbell press', '3×6', '7', '90–120s', 'Maintenance of pressing strength', 3);
insert into prescriptions (block_id, week_number, day_code, day_label, exercise, prescription, target_rpe, rest, transfer, sort_order) values (3, 28, 'A', 'A — Monday', 'Romanian deadlift', '3×5–6', '7', '2 min', 'Posterior-chain maintenance', 4);
insert into prescriptions (block_id, week_number, day_code, day_label, exercise, prescription, target_rpe, rest, transfer, sort_order) values (3, 28, 'A', 'A — Monday', 'Chest-supported row', '3×8', '7', '75–90s', 'Upper-back maintenance', 5);
insert into prescriptions (block_id, week_number, day_code, day_label, exercise, prescription, target_rpe, rest, transfer, sort_order) values (3, 28, 'A', 'A — Monday', 'Landmine rotation', '3×6/side', '6–7', '45–60s', 'Rotational strength-speed', 6);
insert into prescriptions (block_id, week_number, day_code, day_label, exercise, prescription, target_rpe, rest, transfer, sort_order) values (3, 28, 'B', 'B — Thursday', 'Hang high pull or jump shrug', 'Deload 3×2 @5–6 | 5×3 in Week 25; follow weekly table', '6–8', '90–120s', 'Triple extension with low skill cost', 0);
insert into prescriptions (block_id, week_number, day_code, day_label, exercise, prescription, target_rpe, rest, transfer, sort_order) values (3, 28, 'B', 'B — Thursday', 'Push press or push jerk', '5×3', '6–8', '2 min', 'Explosive vertical pressing', 1);
insert into prescriptions (block_id, week_number, day_code, day_label, exercise, prescription, target_rpe, rest, transfer, sort_order) values (3, 28, 'B', 'B — Thursday', 'Bulgarian split squat', '3×5/leg', '7', '75–90s', 'Unilateral force retention', 2);
insert into prescriptions (block_id, week_number, day_code, day_label, exercise, prescription, target_rpe, rest, transfer, sort_order) values (3, 28, 'B', 'B — Thursday', 'Flat DB press', '3×8', '7', '75–90s', 'Upper-body hypertrophy retention', 3);
insert into prescriptions (block_id, week_number, day_code, day_label, exercise, prescription, target_rpe, rest, transfer, sort_order) values (3, 28, 'B', 'B — Thursday', 'Neutral-grip pulldown or chin-up', '3×6–8', '7', '75–90s', 'Pulling volume', 4);
insert into prescriptions (block_id, week_number, day_code, day_label, exercise, prescription, target_rpe, rest, transfer, sort_order) values (3, 28, 'B', 'B — Thursday', 'Hamstring curl or Nordic regression', '2×6–8', '7', '60–75s', 'Hamstring resilience', 5);
insert into prescriptions (block_id, week_number, day_code, day_label, exercise, prescription, target_rpe, rest, transfer, sort_order) values (3, 28, 'C', 'C — Tuesday', 'Rotational scoop toss', '4–5×3/side', '6–7', '45–60s', 'Fast transverse-plane power', 0);
insert into prescriptions (block_id, week_number, day_code, day_label, exercise, prescription, target_rpe, rest, transfer, sort_order) values (3, 28, 'C', 'C — Tuesday', 'Overhead rear throw', '4–5×3', '6–7', '45–60s', 'Hip extension and projection', 1);
insert into prescriptions (block_id, week_number, day_code, day_label, exercise, prescription, target_rpe, rest, transfer, sort_order) values (3, 28, 'C', 'C — Tuesday', 'Step-in shot-put throw', '4×3/side', '6–7', '45–60s', 'Entering velocity and release intent', 2);
insert into prescriptions (block_id, week_number, day_code, day_label, exercise, prescription, target_rpe, rest, transfer, sort_order) values (3, 28, 'C', 'C — Tuesday', 'Uchi-komi intervals', '2 blocks of 6–10 bouts', '7–8', '1:2 to 1:3 work:rest', 'Repeat power and entry endurance', 3);
insert into prescriptions (block_id, week_number, day_code, day_label, exercise, prescription, target_rpe, rest, transfer, sort_order) values (3, 28, 'C', 'C — Tuesday', 'Judogi dynamic grip circuit', '3 rounds', '7–8', '60–90s between rounds', 'Dynamic and isometric grip endurance', 4);
insert into prescriptions (block_id, week_number, day_code, day_label, exercise, prescription, target_rpe, rest, transfer, sort_order) values (3, 28, 'C', 'C — Tuesday', 'Carry or crawl finisher', '2–3 rounds', '6–7', '45–60s', 'Trunk stiffness and shoulder stability', 5);
insert into prescriptions (block_id, week_number, day_code, day_label, exercise, prescription, target_rpe, rest, transfer, sort_order) values (3, 29, 'A', 'A — Monday', 'Jump primer', '3×3', '5–6', '45–60s', 'Fast neural readiness', 0);
insert into prescriptions (block_id, week_number, day_code, day_label, exercise, prescription, target_rpe, rest, transfer, sort_order) values (3, 29, 'A', 'A — Monday', 'Front squat speed sets', 'Speed squat 5×3 @6.5 | 5×3 in Week 25; follow weekly table', '6–8', '2 min', 'Force expressed faster', 1);
insert into prescriptions (block_id, week_number, day_code, day_label, exercise, prescription, target_rpe, rest, transfer, sort_order) values (3, 29, 'A', 'A — Monday', 'Weighted pull-up', '4×4–5', '7–8', '2 min', 'Relative pulling power', 2);
insert into prescriptions (block_id, week_number, day_code, day_label, exercise, prescription, target_rpe, rest, transfer, sort_order) values (3, 29, 'A', 'A — Monday', 'Low-incline barbell press', '3×6', '7', '90–120s', 'Maintenance of pressing strength', 3);
insert into prescriptions (block_id, week_number, day_code, day_label, exercise, prescription, target_rpe, rest, transfer, sort_order) values (3, 29, 'A', 'A — Monday', 'Romanian deadlift', '3×5–6', '7', '2 min', 'Posterior-chain maintenance', 4);
insert into prescriptions (block_id, week_number, day_code, day_label, exercise, prescription, target_rpe, rest, transfer, sort_order) values (3, 29, 'A', 'A — Monday', 'Chest-supported row', '3×8', '7', '75–90s', 'Upper-back maintenance', 5);
insert into prescriptions (block_id, week_number, day_code, day_label, exercise, prescription, target_rpe, rest, transfer, sort_order) values (3, 29, 'A', 'A — Monday', 'Landmine rotation', '3×6/side', '6–7', '45–60s', 'Rotational strength-speed', 6);
insert into prescriptions (block_id, week_number, day_code, day_label, exercise, prescription, target_rpe, rest, transfer, sort_order) values (3, 29, 'B', 'B — Thursday', 'Hang high pull or jump shrug', 'Ballistic pull 5×3 @6.5 | 5×3 in Week 25; follow weekly table', '6–8', '90–120s', 'Triple extension with low skill cost', 0);
insert into prescriptions (block_id, week_number, day_code, day_label, exercise, prescription, target_rpe, rest, transfer, sort_order) values (3, 29, 'B', 'B — Thursday', 'Push press or push jerk', '5×3', '6–8', '2 min', 'Explosive vertical pressing', 1);
insert into prescriptions (block_id, week_number, day_code, day_label, exercise, prescription, target_rpe, rest, transfer, sort_order) values (3, 29, 'B', 'B — Thursday', 'Bulgarian split squat', '3×5/leg', '7', '75–90s', 'Unilateral force retention', 2);
insert into prescriptions (block_id, week_number, day_code, day_label, exercise, prescription, target_rpe, rest, transfer, sort_order) values (3, 29, 'B', 'B — Thursday', 'Flat DB press', '3×8', '7', '75–90s', 'Upper-body hypertrophy retention', 3);
insert into prescriptions (block_id, week_number, day_code, day_label, exercise, prescription, target_rpe, rest, transfer, sort_order) values (3, 29, 'B', 'B — Thursday', 'Neutral-grip pulldown or chin-up', '3×6–8', '7', '75–90s', 'Pulling volume', 4);
insert into prescriptions (block_id, week_number, day_code, day_label, exercise, prescription, target_rpe, rest, transfer, sort_order) values (3, 29, 'B', 'B — Thursday', 'Hamstring curl or Nordic regression', '2×6–8', '7', '60–75s', 'Hamstring resilience', 5);
insert into prescriptions (block_id, week_number, day_code, day_label, exercise, prescription, target_rpe, rest, transfer, sort_order) values (3, 29, 'C', 'C — Tuesday', 'Rotational scoop toss', '4–5×3/side', '6–7', '45–60s', 'Fast transverse-plane power', 0);
insert into prescriptions (block_id, week_number, day_code, day_label, exercise, prescription, target_rpe, rest, transfer, sort_order) values (3, 29, 'C', 'C — Tuesday', 'Overhead rear throw', '4–5×3', '6–7', '45–60s', 'Hip extension and projection', 1);
insert into prescriptions (block_id, week_number, day_code, day_label, exercise, prescription, target_rpe, rest, transfer, sort_order) values (3, 29, 'C', 'C — Tuesday', 'Step-in shot-put throw', '4×3/side', '6–7', '45–60s', 'Entering velocity and release intent', 2);
insert into prescriptions (block_id, week_number, day_code, day_label, exercise, prescription, target_rpe, rest, transfer, sort_order) values (3, 29, 'C', 'C — Tuesday', 'Uchi-komi intervals', '2 blocks of 6–10 bouts', '7–8', '1:2 to 1:3 work:rest', 'Repeat power and entry endurance', 3);
insert into prescriptions (block_id, week_number, day_code, day_label, exercise, prescription, target_rpe, rest, transfer, sort_order) values (3, 29, 'C', 'C — Tuesday', 'Judogi dynamic grip circuit', '3 rounds', '7–8', '60–90s between rounds', 'Dynamic and isometric grip endurance', 4);
insert into prescriptions (block_id, week_number, day_code, day_label, exercise, prescription, target_rpe, rest, transfer, sort_order) values (3, 29, 'C', 'C — Tuesday', 'Carry or crawl finisher', '2–3 rounds', '6–7', '45–60s', 'Trunk stiffness and shoulder stability', 5);
insert into prescriptions (block_id, week_number, day_code, day_label, exercise, prescription, target_rpe, rest, transfer, sort_order) values (3, 30, 'A', 'A — Monday', 'Jump primer', '3×3', '5–6', '45–60s', 'Fast neural readiness', 0);
insert into prescriptions (block_id, week_number, day_code, day_label, exercise, prescription, target_rpe, rest, transfer, sort_order) values (3, 30, 'A', 'A — Monday', 'Front squat speed sets', 'Speed squat 6×2 @7 | 5×3 in Week 25; follow weekly table', '6–8', '2 min', 'Force expressed faster', 1);
insert into prescriptions (block_id, week_number, day_code, day_label, exercise, prescription, target_rpe, rest, transfer, sort_order) values (3, 30, 'A', 'A — Monday', 'Weighted pull-up', '4×4–5', '7–8', '2 min', 'Relative pulling power', 2);
insert into prescriptions (block_id, week_number, day_code, day_label, exercise, prescription, target_rpe, rest, transfer, sort_order) values (3, 30, 'A', 'A — Monday', 'Low-incline barbell press', '3×6', '7', '90–120s', 'Maintenance of pressing strength', 3);
insert into prescriptions (block_id, week_number, day_code, day_label, exercise, prescription, target_rpe, rest, transfer, sort_order) values (3, 30, 'A', 'A — Monday', 'Romanian deadlift', '3×5–6', '7', '2 min', 'Posterior-chain maintenance', 4);
insert into prescriptions (block_id, week_number, day_code, day_label, exercise, prescription, target_rpe, rest, transfer, sort_order) values (3, 30, 'A', 'A — Monday', 'Chest-supported row', '3×8', '7', '75–90s', 'Upper-back maintenance', 5);
insert into prescriptions (block_id, week_number, day_code, day_label, exercise, prescription, target_rpe, rest, transfer, sort_order) values (3, 30, 'A', 'A — Monday', 'Landmine rotation', '3×6/side', '6–7', '45–60s', 'Rotational strength-speed', 6);
insert into prescriptions (block_id, week_number, day_code, day_label, exercise, prescription, target_rpe, rest, transfer, sort_order) values (3, 30, 'B', 'B — Thursday', 'Hang high pull or jump shrug', 'Ballistic pull 6×2 @7 | 5×3 in Week 25; follow weekly table', '6–8', '90–120s', 'Triple extension with low skill cost', 0);
insert into prescriptions (block_id, week_number, day_code, day_label, exercise, prescription, target_rpe, rest, transfer, sort_order) values (3, 30, 'B', 'B — Thursday', 'Push press or push jerk', '5×3', '6–8', '2 min', 'Explosive vertical pressing', 1);
insert into prescriptions (block_id, week_number, day_code, day_label, exercise, prescription, target_rpe, rest, transfer, sort_order) values (3, 30, 'B', 'B — Thursday', 'Bulgarian split squat', '3×5/leg', '7', '75–90s', 'Unilateral force retention', 2);
insert into prescriptions (block_id, week_number, day_code, day_label, exercise, prescription, target_rpe, rest, transfer, sort_order) values (3, 30, 'B', 'B — Thursday', 'Flat DB press', '3×8', '7', '75–90s', 'Upper-body hypertrophy retention', 3);
insert into prescriptions (block_id, week_number, day_code, day_label, exercise, prescription, target_rpe, rest, transfer, sort_order) values (3, 30, 'B', 'B — Thursday', 'Neutral-grip pulldown or chin-up', '3×6–8', '7', '75–90s', 'Pulling volume', 4);
insert into prescriptions (block_id, week_number, day_code, day_label, exercise, prescription, target_rpe, rest, transfer, sort_order) values (3, 30, 'B', 'B — Thursday', 'Hamstring curl or Nordic regression', '2×6–8', '7', '60–75s', 'Hamstring resilience', 5);
insert into prescriptions (block_id, week_number, day_code, day_label, exercise, prescription, target_rpe, rest, transfer, sort_order) values (3, 30, 'C', 'C — Tuesday', 'Rotational scoop toss', '4–5×3/side', '6–7', '45–60s', 'Fast transverse-plane power', 0);
insert into prescriptions (block_id, week_number, day_code, day_label, exercise, prescription, target_rpe, rest, transfer, sort_order) values (3, 30, 'C', 'C — Tuesday', 'Overhead rear throw', '4–5×3', '6–7', '45–60s', 'Hip extension and projection', 1);
insert into prescriptions (block_id, week_number, day_code, day_label, exercise, prescription, target_rpe, rest, transfer, sort_order) values (3, 30, 'C', 'C — Tuesday', 'Step-in shot-put throw', '4×3/side', '6–7', '45–60s', 'Entering velocity and release intent', 2);
insert into prescriptions (block_id, week_number, day_code, day_label, exercise, prescription, target_rpe, rest, transfer, sort_order) values (3, 30, 'C', 'C — Tuesday', 'Uchi-komi intervals', '2 blocks of 6–10 bouts', '7–8', '1:2 to 1:3 work:rest', 'Repeat power and entry endurance', 3);
insert into prescriptions (block_id, week_number, day_code, day_label, exercise, prescription, target_rpe, rest, transfer, sort_order) values (3, 30, 'C', 'C — Tuesday', 'Judogi dynamic grip circuit', '3 rounds', '7–8', '60–90s between rounds', 'Dynamic and isometric grip endurance', 4);
insert into prescriptions (block_id, week_number, day_code, day_label, exercise, prescription, target_rpe, rest, transfer, sort_order) values (3, 30, 'C', 'C — Tuesday', 'Carry or crawl finisher', '2–3 rounds', '6–7', '45–60s', 'Trunk stiffness and shoulder stability', 5);
insert into prescriptions (block_id, week_number, day_code, day_label, exercise, prescription, target_rpe, rest, transfer, sort_order) values (3, 31, 'A', 'A — Monday', 'Jump primer', '3×3', '5–6', '45–60s', 'Fast neural readiness', 0);
insert into prescriptions (block_id, week_number, day_code, day_label, exercise, prescription, target_rpe, rest, transfer, sort_order) values (3, 31, 'A', 'A — Monday', 'Front squat speed sets', 'Speed squat 8×1–2 @7.5 | 5×3 in Week 25; follow weekly table', '6–8', '2 min', 'Force expressed faster', 1);
insert into prescriptions (block_id, week_number, day_code, day_label, exercise, prescription, target_rpe, rest, transfer, sort_order) values (3, 31, 'A', 'A — Monday', 'Weighted pull-up', '4×4–5', '7–8', '2 min', 'Relative pulling power', 2);
insert into prescriptions (block_id, week_number, day_code, day_label, exercise, prescription, target_rpe, rest, transfer, sort_order) values (3, 31, 'A', 'A — Monday', 'Low-incline barbell press', '3×6', '7', '90–120s', 'Maintenance of pressing strength', 3);
insert into prescriptions (block_id, week_number, day_code, day_label, exercise, prescription, target_rpe, rest, transfer, sort_order) values (3, 31, 'A', 'A — Monday', 'Romanian deadlift', '3×5–6', '7', '2 min', 'Posterior-chain maintenance', 4);
insert into prescriptions (block_id, week_number, day_code, day_label, exercise, prescription, target_rpe, rest, transfer, sort_order) values (3, 31, 'A', 'A — Monday', 'Chest-supported row', '3×8', '7', '75–90s', 'Upper-back maintenance', 5);
insert into prescriptions (block_id, week_number, day_code, day_label, exercise, prescription, target_rpe, rest, transfer, sort_order) values (3, 31, 'A', 'A — Monday', 'Landmine rotation', '3×6/side', '6–7', '45–60s', 'Rotational strength-speed', 6);
insert into prescriptions (block_id, week_number, day_code, day_label, exercise, prescription, target_rpe, rest, transfer, sort_order) values (3, 31, 'B', 'B — Thursday', 'Hang high pull or jump shrug', 'Ballistic pull 8×1–2 @7.5 | 5×3 in Week 25; follow weekly table', '6–8', '90–120s', 'Triple extension with low skill cost', 0);
insert into prescriptions (block_id, week_number, day_code, day_label, exercise, prescription, target_rpe, rest, transfer, sort_order) values (3, 31, 'B', 'B — Thursday', 'Push press or push jerk', '5×3', '6–8', '2 min', 'Explosive vertical pressing', 1);
insert into prescriptions (block_id, week_number, day_code, day_label, exercise, prescription, target_rpe, rest, transfer, sort_order) values (3, 31, 'B', 'B — Thursday', 'Bulgarian split squat', '3×5/leg', '7', '75–90s', 'Unilateral force retention', 2);
insert into prescriptions (block_id, week_number, day_code, day_label, exercise, prescription, target_rpe, rest, transfer, sort_order) values (3, 31, 'B', 'B — Thursday', 'Flat DB press', '3×8', '7', '75–90s', 'Upper-body hypertrophy retention', 3);
insert into prescriptions (block_id, week_number, day_code, day_label, exercise, prescription, target_rpe, rest, transfer, sort_order) values (3, 31, 'B', 'B — Thursday', 'Neutral-grip pulldown or chin-up', '3×6–8', '7', '75–90s', 'Pulling volume', 4);
insert into prescriptions (block_id, week_number, day_code, day_label, exercise, prescription, target_rpe, rest, transfer, sort_order) values (3, 31, 'B', 'B — Thursday', 'Hamstring curl or Nordic regression', '2×6–8', '7', '60–75s', 'Hamstring resilience', 5);
insert into prescriptions (block_id, week_number, day_code, day_label, exercise, prescription, target_rpe, rest, transfer, sort_order) values (3, 31, 'C', 'C — Tuesday', 'Rotational scoop toss', '4–5×3/side', '6–7', '45–60s', 'Fast transverse-plane power', 0);
insert into prescriptions (block_id, week_number, day_code, day_label, exercise, prescription, target_rpe, rest, transfer, sort_order) values (3, 31, 'C', 'C — Tuesday', 'Overhead rear throw', '4–5×3', '6–7', '45–60s', 'Hip extension and projection', 1);
insert into prescriptions (block_id, week_number, day_code, day_label, exercise, prescription, target_rpe, rest, transfer, sort_order) values (3, 31, 'C', 'C — Tuesday', 'Step-in shot-put throw', '4×3/side', '6–7', '45–60s', 'Entering velocity and release intent', 2);
insert into prescriptions (block_id, week_number, day_code, day_label, exercise, prescription, target_rpe, rest, transfer, sort_order) values (3, 31, 'C', 'C — Tuesday', 'Uchi-komi intervals', '2 blocks of 6–10 bouts', '7–8', '1:2 to 1:3 work:rest', 'Repeat power and entry endurance', 3);
insert into prescriptions (block_id, week_number, day_code, day_label, exercise, prescription, target_rpe, rest, transfer, sort_order) values (3, 31, 'C', 'C — Tuesday', 'Judogi dynamic grip circuit', '3 rounds', '7–8', '60–90s between rounds', 'Dynamic and isometric grip endurance', 4);
insert into prescriptions (block_id, week_number, day_code, day_label, exercise, prescription, target_rpe, rest, transfer, sort_order) values (3, 31, 'C', 'C — Tuesday', 'Carry or crawl finisher', '2–3 rounds', '6–7', '45–60s', 'Trunk stiffness and shoulder stability', 5);
insert into prescriptions (block_id, week_number, day_code, day_label, exercise, prescription, target_rpe, rest, transfer, sort_order) values (3, 32, 'A', 'A — Monday', 'Jump primer', '3×3', '5–6', '45–60s', 'Fast neural readiness', 0);
insert into prescriptions (block_id, week_number, day_code, day_label, exercise, prescription, target_rpe, rest, transfer, sort_order) values (3, 32, 'A', 'A — Monday', 'Front squat speed sets', 'Deload 3×2 @5–6 | 5×3 in Week 25; follow weekly table', '6–8', '2 min', 'Force expressed faster', 1);
insert into prescriptions (block_id, week_number, day_code, day_label, exercise, prescription, target_rpe, rest, transfer, sort_order) values (3, 32, 'A', 'A — Monday', 'Weighted pull-up', '4×4–5', '7–8', '2 min', 'Relative pulling power', 2);
insert into prescriptions (block_id, week_number, day_code, day_label, exercise, prescription, target_rpe, rest, transfer, sort_order) values (3, 32, 'A', 'A — Monday', 'Low-incline barbell press', '3×6', '7', '90–120s', 'Maintenance of pressing strength', 3);
insert into prescriptions (block_id, week_number, day_code, day_label, exercise, prescription, target_rpe, rest, transfer, sort_order) values (3, 32, 'A', 'A — Monday', 'Romanian deadlift', '3×5–6', '7', '2 min', 'Posterior-chain maintenance', 4);
insert into prescriptions (block_id, week_number, day_code, day_label, exercise, prescription, target_rpe, rest, transfer, sort_order) values (3, 32, 'A', 'A — Monday', 'Chest-supported row', '3×8', '7', '75–90s', 'Upper-back maintenance', 5);
insert into prescriptions (block_id, week_number, day_code, day_label, exercise, prescription, target_rpe, rest, transfer, sort_order) values (3, 32, 'A', 'A — Monday', 'Landmine rotation', '3×6/side', '6–7', '45–60s', 'Rotational strength-speed', 6);
insert into prescriptions (block_id, week_number, day_code, day_label, exercise, prescription, target_rpe, rest, transfer, sort_order) values (3, 32, 'B', 'B — Thursday', 'Hang high pull or jump shrug', 'Deload 3×2 @5–6 | 5×3 in Week 25; follow weekly table', '6–8', '90–120s', 'Triple extension with low skill cost', 0);
insert into prescriptions (block_id, week_number, day_code, day_label, exercise, prescription, target_rpe, rest, transfer, sort_order) values (3, 32, 'B', 'B — Thursday', 'Push press or push jerk', '5×3', '6–8', '2 min', 'Explosive vertical pressing', 1);
insert into prescriptions (block_id, week_number, day_code, day_label, exercise, prescription, target_rpe, rest, transfer, sort_order) values (3, 32, 'B', 'B — Thursday', 'Bulgarian split squat', '3×5/leg', '7', '75–90s', 'Unilateral force retention', 2);
insert into prescriptions (block_id, week_number, day_code, day_label, exercise, prescription, target_rpe, rest, transfer, sort_order) values (3, 32, 'B', 'B — Thursday', 'Flat DB press', '3×8', '7', '75–90s', 'Upper-body hypertrophy retention', 3);
insert into prescriptions (block_id, week_number, day_code, day_label, exercise, prescription, target_rpe, rest, transfer, sort_order) values (3, 32, 'B', 'B — Thursday', 'Neutral-grip pulldown or chin-up', '3×6–8', '7', '75–90s', 'Pulling volume', 4);
insert into prescriptions (block_id, week_number, day_code, day_label, exercise, prescription, target_rpe, rest, transfer, sort_order) values (3, 32, 'B', 'B — Thursday', 'Hamstring curl or Nordic regression', '2×6–8', '7', '60–75s', 'Hamstring resilience', 5);
insert into prescriptions (block_id, week_number, day_code, day_label, exercise, prescription, target_rpe, rest, transfer, sort_order) values (3, 32, 'C', 'C — Tuesday', 'Rotational scoop toss', '4–5×3/side', '6–7', '45–60s', 'Fast transverse-plane power', 0);
insert into prescriptions (block_id, week_number, day_code, day_label, exercise, prescription, target_rpe, rest, transfer, sort_order) values (3, 32, 'C', 'C — Tuesday', 'Overhead rear throw', '4–5×3', '6–7', '45–60s', 'Hip extension and projection', 1);
insert into prescriptions (block_id, week_number, day_code, day_label, exercise, prescription, target_rpe, rest, transfer, sort_order) values (3, 32, 'C', 'C — Tuesday', 'Step-in shot-put throw', '4×3/side', '6–7', '45–60s', 'Entering velocity and release intent', 2);
insert into prescriptions (block_id, week_number, day_code, day_label, exercise, prescription, target_rpe, rest, transfer, sort_order) values (3, 32, 'C', 'C — Tuesday', 'Uchi-komi intervals', '2 blocks of 6–10 bouts', '7–8', '1:2 to 1:3 work:rest', 'Repeat power and entry endurance', 3);
insert into prescriptions (block_id, week_number, day_code, day_label, exercise, prescription, target_rpe, rest, transfer, sort_order) values (3, 32, 'C', 'C — Tuesday', 'Judogi dynamic grip circuit', '3 rounds', '7–8', '60–90s between rounds', 'Dynamic and isometric grip endurance', 4);
insert into prescriptions (block_id, week_number, day_code, day_label, exercise, prescription, target_rpe, rest, transfer, sort_order) values (3, 32, 'C', 'C — Tuesday', 'Carry or crawl finisher', '2–3 rounds', '6–7', '45–60s', 'Trunk stiffness and shoulder stability', 5);
insert into prescriptions (block_id, week_number, day_code, day_label, exercise, prescription, target_rpe, rest, transfer, sort_order) values (3, 33, 'A', 'A — Monday', 'Jump primer', '3×3', '5–6', '45–60s', 'Fast neural readiness', 0);
insert into prescriptions (block_id, week_number, day_code, day_label, exercise, prescription, target_rpe, rest, transfer, sort_order) values (3, 33, 'A', 'A — Monday', 'Front squat speed sets', 'Speed squat 5×2 @7 | 5×3 in Week 25; follow weekly table', '6–8', '2 min', 'Force expressed faster', 1);
insert into prescriptions (block_id, week_number, day_code, day_label, exercise, prescription, target_rpe, rest, transfer, sort_order) values (3, 33, 'A', 'A — Monday', 'Weighted pull-up', '4×4–5', '7–8', '2 min', 'Relative pulling power', 2);
insert into prescriptions (block_id, week_number, day_code, day_label, exercise, prescription, target_rpe, rest, transfer, sort_order) values (3, 33, 'A', 'A — Monday', 'Low-incline barbell press', '3×6', '7', '90–120s', 'Maintenance of pressing strength', 3);
insert into prescriptions (block_id, week_number, day_code, day_label, exercise, prescription, target_rpe, rest, transfer, sort_order) values (3, 33, 'A', 'A — Monday', 'Romanian deadlift', '3×5–6', '7', '2 min', 'Posterior-chain maintenance', 4);
insert into prescriptions (block_id, week_number, day_code, day_label, exercise, prescription, target_rpe, rest, transfer, sort_order) values (3, 33, 'A', 'A — Monday', 'Chest-supported row', '3×8', '7', '75–90s', 'Upper-back maintenance', 5);
insert into prescriptions (block_id, week_number, day_code, day_label, exercise, prescription, target_rpe, rest, transfer, sort_order) values (3, 33, 'A', 'A — Monday', 'Landmine rotation', '3×6/side', '6–7', '45–60s', 'Rotational strength-speed', 6);
insert into prescriptions (block_id, week_number, day_code, day_label, exercise, prescription, target_rpe, rest, transfer, sort_order) values (3, 33, 'B', 'B — Thursday', 'Hang high pull or jump shrug', 'Ballistic pull 5×2 @7 | 5×3 in Week 25; follow weekly table', '6–8', '90–120s', 'Triple extension with low skill cost', 0);
insert into prescriptions (block_id, week_number, day_code, day_label, exercise, prescription, target_rpe, rest, transfer, sort_order) values (3, 33, 'B', 'B — Thursday', 'Push press or push jerk', '5×3', '6–8', '2 min', 'Explosive vertical pressing', 1);
insert into prescriptions (block_id, week_number, day_code, day_label, exercise, prescription, target_rpe, rest, transfer, sort_order) values (3, 33, 'B', 'B — Thursday', 'Bulgarian split squat', '3×5/leg', '7', '75–90s', 'Unilateral force retention', 2);
insert into prescriptions (block_id, week_number, day_code, day_label, exercise, prescription, target_rpe, rest, transfer, sort_order) values (3, 33, 'B', 'B — Thursday', 'Flat DB press', '3×8', '7', '75–90s', 'Upper-body hypertrophy retention', 3);
insert into prescriptions (block_id, week_number, day_code, day_label, exercise, prescription, target_rpe, rest, transfer, sort_order) values (3, 33, 'B', 'B — Thursday', 'Neutral-grip pulldown or chin-up', '3×6–8', '7', '75–90s', 'Pulling volume', 4);
insert into prescriptions (block_id, week_number, day_code, day_label, exercise, prescription, target_rpe, rest, transfer, sort_order) values (3, 33, 'B', 'B — Thursday', 'Hamstring curl or Nordic regression', '2×6–8', '7', '60–75s', 'Hamstring resilience', 5);
insert into prescriptions (block_id, week_number, day_code, day_label, exercise, prescription, target_rpe, rest, transfer, sort_order) values (3, 33, 'C', 'C — Tuesday', 'Rotational scoop toss', '4–5×3/side', '6–7', '45–60s', 'Fast transverse-plane power', 0);
insert into prescriptions (block_id, week_number, day_code, day_label, exercise, prescription, target_rpe, rest, transfer, sort_order) values (3, 33, 'C', 'C — Tuesday', 'Overhead rear throw', '4–5×3', '6–7', '45–60s', 'Hip extension and projection', 1);
insert into prescriptions (block_id, week_number, day_code, day_label, exercise, prescription, target_rpe, rest, transfer, sort_order) values (3, 33, 'C', 'C — Tuesday', 'Step-in shot-put throw', '4×3/side', '6–7', '45–60s', 'Entering velocity and release intent', 2);
insert into prescriptions (block_id, week_number, day_code, day_label, exercise, prescription, target_rpe, rest, transfer, sort_order) values (3, 33, 'C', 'C — Tuesday', 'Uchi-komi intervals', '2 blocks of 6–10 bouts', '7–8', '1:2 to 1:3 work:rest', 'Repeat power and entry endurance', 3);
insert into prescriptions (block_id, week_number, day_code, day_label, exercise, prescription, target_rpe, rest, transfer, sort_order) values (3, 33, 'C', 'C — Tuesday', 'Judogi dynamic grip circuit', '3 rounds', '7–8', '60–90s between rounds', 'Dynamic and isometric grip endurance', 4);
insert into prescriptions (block_id, week_number, day_code, day_label, exercise, prescription, target_rpe, rest, transfer, sort_order) values (3, 33, 'C', 'C — Tuesday', 'Carry or crawl finisher', '2–3 rounds', '6–7', '45–60s', 'Trunk stiffness and shoulder stability', 5);
insert into prescriptions (block_id, week_number, day_code, day_label, exercise, prescription, target_rpe, rest, transfer, sort_order) values (3, 34, 'A', 'A — Monday', 'Jump primer', '3×3', '5–6', '45–60s', 'Fast neural readiness', 0);
insert into prescriptions (block_id, week_number, day_code, day_label, exercise, prescription, target_rpe, rest, transfer, sort_order) values (3, 34, 'A', 'A — Monday', 'Front squat speed sets', 'Speed squat 6×1–2 @7.5 | 5×3 in Week 25; follow weekly table', '6–8', '2 min', 'Force expressed faster', 1);
insert into prescriptions (block_id, week_number, day_code, day_label, exercise, prescription, target_rpe, rest, transfer, sort_order) values (3, 34, 'A', 'A — Monday', 'Weighted pull-up', '4×4–5', '7–8', '2 min', 'Relative pulling power', 2);
insert into prescriptions (block_id, week_number, day_code, day_label, exercise, prescription, target_rpe, rest, transfer, sort_order) values (3, 34, 'A', 'A — Monday', 'Low-incline barbell press', '3×6', '7', '90–120s', 'Maintenance of pressing strength', 3);
insert into prescriptions (block_id, week_number, day_code, day_label, exercise, prescription, target_rpe, rest, transfer, sort_order) values (3, 34, 'A', 'A — Monday', 'Romanian deadlift', '3×5–6', '7', '2 min', 'Posterior-chain maintenance', 4);
insert into prescriptions (block_id, week_number, day_code, day_label, exercise, prescription, target_rpe, rest, transfer, sort_order) values (3, 34, 'A', 'A — Monday', 'Chest-supported row', '3×8', '7', '75–90s', 'Upper-back maintenance', 5);
insert into prescriptions (block_id, week_number, day_code, day_label, exercise, prescription, target_rpe, rest, transfer, sort_order) values (3, 34, 'A', 'A — Monday', 'Landmine rotation', '3×6/side', '6–7', '45–60s', 'Rotational strength-speed', 6);
insert into prescriptions (block_id, week_number, day_code, day_label, exercise, prescription, target_rpe, rest, transfer, sort_order) values (3, 34, 'B', 'B — Thursday', 'Hang high pull or jump shrug', 'Ballistic pull 6×1–2 @7.5 | 5×3 in Week 25; follow weekly table', '6–8', '90–120s', 'Triple extension with low skill cost', 0);
insert into prescriptions (block_id, week_number, day_code, day_label, exercise, prescription, target_rpe, rest, transfer, sort_order) values (3, 34, 'B', 'B — Thursday', 'Push press or push jerk', '5×3', '6–8', '2 min', 'Explosive vertical pressing', 1);
insert into prescriptions (block_id, week_number, day_code, day_label, exercise, prescription, target_rpe, rest, transfer, sort_order) values (3, 34, 'B', 'B — Thursday', 'Bulgarian split squat', '3×5/leg', '7', '75–90s', 'Unilateral force retention', 2);
insert into prescriptions (block_id, week_number, day_code, day_label, exercise, prescription, target_rpe, rest, transfer, sort_order) values (3, 34, 'B', 'B — Thursday', 'Flat DB press', '3×8', '7', '75–90s', 'Upper-body hypertrophy retention', 3);
insert into prescriptions (block_id, week_number, day_code, day_label, exercise, prescription, target_rpe, rest, transfer, sort_order) values (3, 34, 'B', 'B — Thursday', 'Neutral-grip pulldown or chin-up', '3×6–8', '7', '75–90s', 'Pulling volume', 4);
insert into prescriptions (block_id, week_number, day_code, day_label, exercise, prescription, target_rpe, rest, transfer, sort_order) values (3, 34, 'B', 'B — Thursday', 'Hamstring curl or Nordic regression', '2×6–8', '7', '60–75s', 'Hamstring resilience', 5);
insert into prescriptions (block_id, week_number, day_code, day_label, exercise, prescription, target_rpe, rest, transfer, sort_order) values (3, 34, 'C', 'C — Tuesday', 'Rotational scoop toss', '4–5×3/side', '6–7', '45–60s', 'Fast transverse-plane power', 0);
insert into prescriptions (block_id, week_number, day_code, day_label, exercise, prescription, target_rpe, rest, transfer, sort_order) values (3, 34, 'C', 'C — Tuesday', 'Overhead rear throw', '4–5×3', '6–7', '45–60s', 'Hip extension and projection', 1);
insert into prescriptions (block_id, week_number, day_code, day_label, exercise, prescription, target_rpe, rest, transfer, sort_order) values (3, 34, 'C', 'C — Tuesday', 'Step-in shot-put throw', '4×3/side', '6–7', '45–60s', 'Entering velocity and release intent', 2);
insert into prescriptions (block_id, week_number, day_code, day_label, exercise, prescription, target_rpe, rest, transfer, sort_order) values (3, 34, 'C', 'C — Tuesday', 'Uchi-komi intervals', '2 blocks of 6–10 bouts', '7–8', '1:2 to 1:3 work:rest', 'Repeat power and entry endurance', 3);
insert into prescriptions (block_id, week_number, day_code, day_label, exercise, prescription, target_rpe, rest, transfer, sort_order) values (3, 34, 'C', 'C — Tuesday', 'Judogi dynamic grip circuit', '3 rounds', '7–8', '60–90s between rounds', 'Dynamic and isometric grip endurance', 4);
insert into prescriptions (block_id, week_number, day_code, day_label, exercise, prescription, target_rpe, rest, transfer, sort_order) values (3, 34, 'C', 'C — Tuesday', 'Carry or crawl finisher', '2–3 rounds', '6–7', '45–60s', 'Trunk stiffness and shoulder stability', 5);
insert into prescriptions (block_id, week_number, day_code, day_label, exercise, prescription, target_rpe, rest, transfer, sort_order) values (3, 35, 'A', 'A — Monday', 'Jump primer', '3×3', '5–6', '45–60s', 'Fast neural readiness', 0);
insert into prescriptions (block_id, week_number, day_code, day_label, exercise, prescription, target_rpe, rest, transfer, sort_order) values (3, 35, 'A', 'A — Monday', 'Front squat speed sets', '4×1 @8 + crisp back-offs | 5×3 in Week 25; follow weekly table', '6–8', '2 min', 'Force expressed faster', 1);
insert into prescriptions (block_id, week_number, day_code, day_label, exercise, prescription, target_rpe, rest, transfer, sort_order) values (3, 35, 'A', 'A — Monday', 'Weighted pull-up', '4×4–5', '7–8', '2 min', 'Relative pulling power', 2);
insert into prescriptions (block_id, week_number, day_code, day_label, exercise, prescription, target_rpe, rest, transfer, sort_order) values (3, 35, 'A', 'A — Monday', 'Low-incline barbell press', '3×6', '7', '90–120s', 'Maintenance of pressing strength', 3);
insert into prescriptions (block_id, week_number, day_code, day_label, exercise, prescription, target_rpe, rest, transfer, sort_order) values (3, 35, 'A', 'A — Monday', 'Romanian deadlift', '3×5–6', '7', '2 min', 'Posterior-chain maintenance', 4);
insert into prescriptions (block_id, week_number, day_code, day_label, exercise, prescription, target_rpe, rest, transfer, sort_order) values (3, 35, 'A', 'A — Monday', 'Chest-supported row', '3×8', '7', '75–90s', 'Upper-back maintenance', 5);
insert into prescriptions (block_id, week_number, day_code, day_label, exercise, prescription, target_rpe, rest, transfer, sort_order) values (3, 35, 'A', 'A — Monday', 'Landmine rotation', '3×6/side', '6–7', '45–60s', 'Rotational strength-speed', 6);
insert into prescriptions (block_id, week_number, day_code, day_label, exercise, prescription, target_rpe, rest, transfer, sort_order) values (3, 35, 'B', 'B — Thursday', 'Hang high pull or jump shrug', '4×1 @8 + crisp back-offs | 5×3 in Week 25; follow weekly table', '6–8', '90–120s', 'Triple extension with low skill cost', 0);
insert into prescriptions (block_id, week_number, day_code, day_label, exercise, prescription, target_rpe, rest, transfer, sort_order) values (3, 35, 'B', 'B — Thursday', 'Push press or push jerk', '5×3', '6–8', '2 min', 'Explosive vertical pressing', 1);
insert into prescriptions (block_id, week_number, day_code, day_label, exercise, prescription, target_rpe, rest, transfer, sort_order) values (3, 35, 'B', 'B — Thursday', 'Bulgarian split squat', '3×5/leg', '7', '75–90s', 'Unilateral force retention', 2);
insert into prescriptions (block_id, week_number, day_code, day_label, exercise, prescription, target_rpe, rest, transfer, sort_order) values (3, 35, 'B', 'B — Thursday', 'Flat DB press', '3×8', '7', '75–90s', 'Upper-body hypertrophy retention', 3);
insert into prescriptions (block_id, week_number, day_code, day_label, exercise, prescription, target_rpe, rest, transfer, sort_order) values (3, 35, 'B', 'B — Thursday', 'Neutral-grip pulldown or chin-up', '3×6–8', '7', '75–90s', 'Pulling volume', 4);
insert into prescriptions (block_id, week_number, day_code, day_label, exercise, prescription, target_rpe, rest, transfer, sort_order) values (3, 35, 'B', 'B — Thursday', 'Hamstring curl or Nordic regression', '2×6–8', '7', '60–75s', 'Hamstring resilience', 5);
insert into prescriptions (block_id, week_number, day_code, day_label, exercise, prescription, target_rpe, rest, transfer, sort_order) values (3, 35, 'C', 'C — Tuesday', 'Rotational scoop toss', '4–5×3/side', '6–7', '45–60s', 'Fast transverse-plane power', 0);
insert into prescriptions (block_id, week_number, day_code, day_label, exercise, prescription, target_rpe, rest, transfer, sort_order) values (3, 35, 'C', 'C — Tuesday', 'Overhead rear throw', '4–5×3', '6–7', '45–60s', 'Hip extension and projection', 1);
insert into prescriptions (block_id, week_number, day_code, day_label, exercise, prescription, target_rpe, rest, transfer, sort_order) values (3, 35, 'C', 'C — Tuesday', 'Step-in shot-put throw', '4×3/side', '6–7', '45–60s', 'Entering velocity and release intent', 2);
insert into prescriptions (block_id, week_number, day_code, day_label, exercise, prescription, target_rpe, rest, transfer, sort_order) values (3, 35, 'C', 'C — Tuesday', 'Uchi-komi intervals', '2 blocks of 6–10 bouts', '7–8', '1:2 to 1:3 work:rest', 'Repeat power and entry endurance', 3);
insert into prescriptions (block_id, week_number, day_code, day_label, exercise, prescription, target_rpe, rest, transfer, sort_order) values (3, 35, 'C', 'C — Tuesday', 'Judogi dynamic grip circuit', '3 rounds', '7–8', '60–90s between rounds', 'Dynamic and isometric grip endurance', 4);
insert into prescriptions (block_id, week_number, day_code, day_label, exercise, prescription, target_rpe, rest, transfer, sort_order) values (3, 35, 'C', 'C — Tuesday', 'Carry or crawl finisher', '2–3 rounds', '6–7', '45–60s', 'Trunk stiffness and shoulder stability', 5);
insert into prescriptions (block_id, week_number, day_code, day_label, exercise, prescription, target_rpe, rest, transfer, sort_order) values (3, 36, 'A', 'A — Monday', 'Jump primer', '3×3', '5–6', '45–60s', 'Fast neural readiness', 0);
insert into prescriptions (block_id, week_number, day_code, day_label, exercise, prescription, target_rpe, rest, transfer, sort_order) values (3, 36, 'A', 'A — Monday', 'Front squat speed sets', 'Deload / assessment | 5×3 in Week 25; follow weekly table', '6–8', '2 min', 'Force expressed faster', 1);
insert into prescriptions (block_id, week_number, day_code, day_label, exercise, prescription, target_rpe, rest, transfer, sort_order) values (3, 36, 'A', 'A — Monday', 'Weighted pull-up', '4×4–5', '7–8', '2 min', 'Relative pulling power', 2);
insert into prescriptions (block_id, week_number, day_code, day_label, exercise, prescription, target_rpe, rest, transfer, sort_order) values (3, 36, 'A', 'A — Monday', 'Low-incline barbell press', '3×6', '7', '90–120s', 'Maintenance of pressing strength', 3);
insert into prescriptions (block_id, week_number, day_code, day_label, exercise, prescription, target_rpe, rest, transfer, sort_order) values (3, 36, 'A', 'A — Monday', 'Romanian deadlift', '3×5–6', '7', '2 min', 'Posterior-chain maintenance', 4);
insert into prescriptions (block_id, week_number, day_code, day_label, exercise, prescription, target_rpe, rest, transfer, sort_order) values (3, 36, 'A', 'A — Monday', 'Chest-supported row', '3×8', '7', '75–90s', 'Upper-back maintenance', 5);
insert into prescriptions (block_id, week_number, day_code, day_label, exercise, prescription, target_rpe, rest, transfer, sort_order) values (3, 36, 'A', 'A — Monday', 'Landmine rotation', '3×6/side', '6–7', '45–60s', 'Rotational strength-speed', 6);
insert into prescriptions (block_id, week_number, day_code, day_label, exercise, prescription, target_rpe, rest, transfer, sort_order) values (3, 36, 'B', 'B — Thursday', 'Hang high pull or jump shrug', 'Deload / assessment | 5×3 in Week 25; follow weekly table', '6–8', '90–120s', 'Triple extension with low skill cost', 0);
insert into prescriptions (block_id, week_number, day_code, day_label, exercise, prescription, target_rpe, rest, transfer, sort_order) values (3, 36, 'B', 'B — Thursday', 'Push press or push jerk', '5×3', '6–8', '2 min', 'Explosive vertical pressing', 1);
insert into prescriptions (block_id, week_number, day_code, day_label, exercise, prescription, target_rpe, rest, transfer, sort_order) values (3, 36, 'B', 'B — Thursday', 'Bulgarian split squat', '3×5/leg', '7', '75–90s', 'Unilateral force retention', 2);
insert into prescriptions (block_id, week_number, day_code, day_label, exercise, prescription, target_rpe, rest, transfer, sort_order) values (3, 36, 'B', 'B — Thursday', 'Flat DB press', '3×8', '7', '75–90s', 'Upper-body hypertrophy retention', 3);
insert into prescriptions (block_id, week_number, day_code, day_label, exercise, prescription, target_rpe, rest, transfer, sort_order) values (3, 36, 'B', 'B — Thursday', 'Neutral-grip pulldown or chin-up', '3×6–8', '7', '75–90s', 'Pulling volume', 4);
insert into prescriptions (block_id, week_number, day_code, day_label, exercise, prescription, target_rpe, rest, transfer, sort_order) values (3, 36, 'B', 'B — Thursday', 'Hamstring curl or Nordic regression', '2×6–8', '7', '60–75s', 'Hamstring resilience', 5);
insert into prescriptions (block_id, week_number, day_code, day_label, exercise, prescription, target_rpe, rest, transfer, sort_order) values (3, 36, 'C', 'C — Tuesday', 'Rotational scoop toss', '4–5×3/side', '6–7', '45–60s', 'Fast transverse-plane power', 0);
insert into prescriptions (block_id, week_number, day_code, day_label, exercise, prescription, target_rpe, rest, transfer, sort_order) values (3, 36, 'C', 'C — Tuesday', 'Overhead rear throw', '4–5×3', '6–7', '45–60s', 'Hip extension and projection', 1);
insert into prescriptions (block_id, week_number, day_code, day_label, exercise, prescription, target_rpe, rest, transfer, sort_order) values (3, 36, 'C', 'C — Tuesday', 'Step-in shot-put throw', '4×3/side', '6–7', '45–60s', 'Entering velocity and release intent', 2);
insert into prescriptions (block_id, week_number, day_code, day_label, exercise, prescription, target_rpe, rest, transfer, sort_order) values (3, 36, 'C', 'C — Tuesday', 'Uchi-komi intervals', '2 blocks of 6–10 bouts', '7–8', '1:2 to 1:3 work:rest', 'Repeat power and entry endurance', 3);
insert into prescriptions (block_id, week_number, day_code, day_label, exercise, prescription, target_rpe, rest, transfer, sort_order) values (3, 36, 'C', 'C — Tuesday', 'Judogi dynamic grip circuit', '3 rounds', '7–8', '60–90s between rounds', 'Dynamic and isometric grip endurance', 4);
insert into prescriptions (block_id, week_number, day_code, day_label, exercise, prescription, target_rpe, rest, transfer, sort_order) values (3, 36, 'C', 'C — Tuesday', 'Carry or crawl finisher', '2–3 rounds', '6–7', '45–60s', 'Trunk stiffness and shoulder stability', 5);

-- exercise_library (block 3)
insert into exercise_library (block_id, day_code, day_label, exercise, default_prescription, rpe, rest, transfer, sort_order) values (3, 'A', 'A — Monday', 'Jump primer', '3×3', '5–6', '45–60s', 'Fast neural readiness', 0);
insert into exercise_library (block_id, day_code, day_label, exercise, default_prescription, rpe, rest, transfer, sort_order) values (3, 'A', 'A — Monday', 'Front squat speed sets', '5×3 in Week 25; follow weekly table', '6–8', '2 min', 'Force expressed faster', 1);
insert into exercise_library (block_id, day_code, day_label, exercise, default_prescription, rpe, rest, transfer, sort_order) values (3, 'A', 'A — Monday', 'Weighted pull-up', '4×4–5', '7–8', '2 min', 'Relative pulling power', 2);
insert into exercise_library (block_id, day_code, day_label, exercise, default_prescription, rpe, rest, transfer, sort_order) values (3, 'A', 'A — Monday', 'Low-incline barbell press', '3×6', '7', '90–120s', 'Maintenance of pressing strength', 3);
insert into exercise_library (block_id, day_code, day_label, exercise, default_prescription, rpe, rest, transfer, sort_order) values (3, 'A', 'A — Monday', 'Romanian deadlift', '3×5–6', '7', '2 min', 'Posterior-chain maintenance', 4);
insert into exercise_library (block_id, day_code, day_label, exercise, default_prescription, rpe, rest, transfer, sort_order) values (3, 'A', 'A — Monday', 'Chest-supported row', '3×8', '7', '75–90s', 'Upper-back maintenance', 5);
insert into exercise_library (block_id, day_code, day_label, exercise, default_prescription, rpe, rest, transfer, sort_order) values (3, 'A', 'A — Monday', 'Landmine rotation', '3×6/side', '6–7', '45–60s', 'Rotational strength-speed', 6);
insert into exercise_library (block_id, day_code, day_label, exercise, default_prescription, rpe, rest, transfer, sort_order) values (3, 'B', 'B — Thursday', 'Hang high pull or jump shrug', '5×3 in Week 25; follow weekly table', '6–8', '90–120s', 'Triple extension with low skill cost', 7);
insert into exercise_library (block_id, day_code, day_label, exercise, default_prescription, rpe, rest, transfer, sort_order) values (3, 'B', 'B — Thursday', 'Push press or push jerk', '5×3', '6–8', '2 min', 'Explosive vertical pressing', 8);
insert into exercise_library (block_id, day_code, day_label, exercise, default_prescription, rpe, rest, transfer, sort_order) values (3, 'B', 'B — Thursday', 'Bulgarian split squat', '3×5/leg', '7', '75–90s', 'Unilateral force retention', 9);
insert into exercise_library (block_id, day_code, day_label, exercise, default_prescription, rpe, rest, transfer, sort_order) values (3, 'B', 'B — Thursday', 'Flat DB press', '3×8', '7', '75–90s', 'Upper-body hypertrophy retention', 10);
insert into exercise_library (block_id, day_code, day_label, exercise, default_prescription, rpe, rest, transfer, sort_order) values (3, 'B', 'B — Thursday', 'Neutral-grip pulldown or chin-up', '3×6–8', '7', '75–90s', 'Pulling volume', 11);
insert into exercise_library (block_id, day_code, day_label, exercise, default_prescription, rpe, rest, transfer, sort_order) values (3, 'B', 'B — Thursday', 'Hamstring curl or Nordic regression', '2×6–8', '7', '60–75s', 'Hamstring resilience', 12);
insert into exercise_library (block_id, day_code, day_label, exercise, default_prescription, rpe, rest, transfer, sort_order) values (3, 'C', 'C — Tuesday', 'Rotational scoop toss', '4–5×3/side', '6–7', '45–60s', 'Fast transverse-plane power', 13);
insert into exercise_library (block_id, day_code, day_label, exercise, default_prescription, rpe, rest, transfer, sort_order) values (3, 'C', 'C — Tuesday', 'Overhead rear throw', '4–5×3', '6–7', '45–60s', 'Hip extension and projection', 14);
insert into exercise_library (block_id, day_code, day_label, exercise, default_prescription, rpe, rest, transfer, sort_order) values (3, 'C', 'C — Tuesday', 'Step-in shot-put throw', '4×3/side', '6–7', '45–60s', 'Entering velocity and release intent', 15);
insert into exercise_library (block_id, day_code, day_label, exercise, default_prescription, rpe, rest, transfer, sort_order) values (3, 'C', 'C — Tuesday', 'Uchi-komi intervals', '2 blocks of 6–10 bouts', '7–8', '1:2 to 1:3 work:rest', 'Repeat power and entry endurance', 16);
insert into exercise_library (block_id, day_code, day_label, exercise, default_prescription, rpe, rest, transfer, sort_order) values (3, 'C', 'C — Tuesday', 'Judogi dynamic grip circuit', '3 rounds', '7–8', '60–90s between rounds', 'Dynamic and isometric grip endurance', 17);
insert into exercise_library (block_id, day_code, day_label, exercise, default_prescription, rpe, rest, transfer, sort_order) values (3, 'C', 'C — Tuesday', 'Carry or crawl finisher', '2–3 rounds', '6–7', '45–60s', 'Trunk stiffness and shoulder stability', 18);

-- progression_rules (block 3)
insert into progression_rules (block_id, rule, implementation, sort_order) values (3, 'Primary lifts', 'RPE-governed progression; add load only if target RPE and technique are clean.', 0);
insert into progression_rules (block_id, rule, implementation, sort_order) values (3, 'Weighted pulls', 'Double progression; use pulldown when elbows/fingers are irritated.', 1);
insert into progression_rules (block_id, rule, implementation, sort_order) values (3, 'Accessories', 'Use double progression; after hard randori, trim accessories before main lifts.', 2);
insert into progression_rules (block_id, rule, implementation, sort_order) values (3, 'Medicine-ball throws', 'Progress speed first, load second. Never let throws become grinders.', 3);
insert into progression_rules (block_id, rule, implementation, sort_order) values (3, 'Fatigue rule', 'Protect judo quality first: trim Thursday grip → Thursday accessories → Day C density → main lifts.', 4);
insert into progression_rules (block_id, rule, implementation, sort_order) values (3, 'Deloads', 'Every 4th week: reduce hard sets 35–50%, lower intensity 5–10%, avoid failure.', 5);

-- program_weeks (block 4)
insert into program_weeks (week_number, block_id, focus, day_a_main, day_b_main, day_c_focus, hard_sets, main_rpe) values (37, 4, 'Maintain', '3×4 @7', '3×4 @7', 'Short med-ball and entry circuits', 18, 7);
insert into program_weeks (week_number, block_id, focus, day_a_main, day_b_main, day_c_focus, hard_sets, main_rpe) values (38, 4, 'Maintain + grip', '3×3 @7.5', '3×3 @7.5', 'Add one grip station if fresh', 18, 7.5);
insert into program_weeks (week_number, block_id, focus, day_a_main, day_b_main, day_c_focus, hard_sets, main_rpe) values (39, 4, 'Dense quality', '2×3 @8', '2×3 @8', 'Slightly denser Day C', 17, 8);
insert into program_weeks (week_number, block_id, focus, day_a_main, day_b_main, day_c_focus, hard_sets, main_rpe) values (40, 4, 'Deload', 'Deload 2×3 @6', 'Deload 2×3 @6', 'Very easy technique work', 10, 6);
insert into program_weeks (week_number, block_id, focus, day_a_main, day_b_main, day_c_focus, hard_sets, main_rpe) values (41, 4, 'Power-endurance', '3×3 @7.5', '3×3 @7.5', 'Power-endurance emphasis', 17, 7.5);
insert into program_weeks (week_number, block_id, focus, day_a_main, day_b_main, day_c_focus, hard_sets, main_rpe) values (42, 4, 'Speed maintain', '2×2 @8', '2×2 @8', 'Same total work, more speed', 16, 8);
insert into program_weeks (week_number, block_id, focus, day_a_main, day_b_main, day_c_focus, hard_sets, main_rpe) values (43, 4, 'High quality', '2×2 @8.5', '2×2 @8.5', 'Low volume, high quality', 15, 8.5);
insert into program_weeks (week_number, block_id, focus, day_a_main, day_b_main, day_c_focus, hard_sets, main_rpe) values (44, 4, 'Deload', 'Deload 2×2 @6', 'Deload 2×2 @6', 'Technique-only', 9, 6);
insert into program_weeks (week_number, block_id, focus, day_a_main, day_b_main, day_c_focus, hard_sets, main_rpe) values (45, 4, 'Rebuild', '3×3 @7', '3×3 @7', 'Rebuild slightly', 16, 7);
insert into program_weeks (week_number, block_id, focus, day_a_main, day_b_main, day_c_focus, hard_sets, main_rpe) values (46, 4, 'Maintain', '2×2 @8', '2×2 @8', 'Maintain', 15, 8);
insert into program_weeks (week_number, block_id, focus, day_a_main, day_b_main, day_c_focus, hard_sets, main_rpe) values (47, 4, 'Realization', '2×1–2 @8', '2×1–2 @8', 'Low-fatigue realization', 14, 8);
insert into program_weeks (week_number, block_id, focus, day_a_main, day_b_main, day_c_focus, hard_sets, main_rpe) values (48, 4, 'Deload / assessment', 'Deload / assessment', 'Deload / assessment', 'Reset before transition', 9, 6);

-- prescriptions (block 4)
insert into prescriptions (block_id, week_number, day_code, day_label, exercise, prescription, target_rpe, rest, transfer, sort_order) values (4, 37, 'A', 'A — Monday', 'Front squat', '3×4 @7 | 3×4 in Week 37; follow weekly table', '7–8.5', '2–3 min', 'Maintain heavy squat exposure', 0);
insert into prescriptions (block_id, week_number, day_code, day_label, exercise, prescription, target_rpe, rest, transfer, sort_order) values (4, 37, 'A', 'A — Monday', 'Weighted pull-up or chin-up', '3×4', '7–8.5', '2 min', 'Pulling and grip retention', 1);
insert into prescriptions (block_id, week_number, day_code, day_label, exercise, prescription, target_rpe, rest, transfer, sort_order) values (4, 37, 'A', 'A — Monday', 'Low-incline press', '2–3×6–8', '7–8', '90–120s', 'Aesthetics and upper-body maintenance', 2);
insert into prescriptions (block_id, week_number, day_code, day_label, exercise, prescription, target_rpe, rest, transfer, sort_order) values (4, 37, 'A', 'A — Monday', 'Romanian deadlift', '2–3×6', '7', '2 min', 'Posterior-chain maintenance', 3);
insert into prescriptions (block_id, week_number, day_code, day_label, exercise, prescription, target_rpe, rest, transfer, sort_order) values (4, 37, 'A', 'A — Monday', 'Chest-supported row', '2–3×8', '7', '75–90s', 'Upper-back retention', 4);
insert into prescriptions (block_id, week_number, day_code, day_label, exercise, prescription, target_rpe, rest, transfer, sort_order) values (4, 37, 'A', 'A — Monday', 'Pallof press or suitcase carry', '2 sets', '6–7', '30–45s', 'Trunk stiffness', 5);
insert into prescriptions (block_id, week_number, day_code, day_label, exercise, prescription, target_rpe, rest, transfer, sort_order) values (4, 37, 'A', 'A — Monday', 'Neck work', '2 sets', '6–7', '30–45s', 'Robustness', 6);
insert into prescriptions (block_id, week_number, day_code, day_label, exercise, prescription, target_rpe, rest, transfer, sort_order) values (4, 37, 'B', 'B — Thursday', 'Trap-bar deadlift or clean pull', '3×4 @7 | 3×4 in Week 37; follow weekly table', '7–8.5', '2–3 min', 'Maintain heavy hinge or pull exposure', 0);
insert into prescriptions (block_id, week_number, day_code, day_label, exercise, prescription, target_rpe, rest, transfer, sort_order) values (4, 37, 'B', 'B — Thursday', 'Push press', '3×3', '7–8', '2 min', 'Power retention', 1);
insert into prescriptions (block_id, week_number, day_code, day_label, exercise, prescription, target_rpe, rest, transfer, sort_order) values (4, 37, 'B', 'B — Thursday', 'Bulgarian split squat', '2×5/leg', '7', '75–90s', 'Unilateral force maintenance', 2);
insert into prescriptions (block_id, week_number, day_code, day_label, exercise, prescription, target_rpe, rest, transfer, sort_order) values (4, 37, 'B', 'B — Thursday', 'Flat DB press', '2×6–8', '7', '75–90s', 'Upper-body retention', 3);
insert into prescriptions (block_id, week_number, day_code, day_label, exercise, prescription, target_rpe, rest, transfer, sort_order) values (4, 37, 'B', 'B — Thursday', 'Pulldown or row', '2–3×8', '7', '75–90s', 'Pulling maintenance', 4);
insert into prescriptions (block_id, week_number, day_code, day_label, exercise, prescription, target_rpe, rest, transfer, sort_order) values (4, 37, 'B', 'B — Thursday', 'Hamstring curl or Copenhagen', '2 sets', '7', '45–60s', 'Resilience', 5);
insert into prescriptions (block_id, week_number, day_code, day_label, exercise, prescription, target_rpe, rest, transfer, sort_order) values (4, 37, 'C', 'C — Tuesday', 'Two med-ball throw variations', '3×3–4 each', '6–7', '45–60s', 'Preserve explosiveness', 0);
insert into prescriptions (block_id, week_number, day_code, day_label, exercise, prescription, target_rpe, rest, transfer, sort_order) values (4, 37, 'C', 'C — Tuesday', 'Short band-entry circuit', '6–8 rounds', '6–7', '20–30s', 'Technical rhythm', 1);
insert into prescriptions (block_id, week_number, day_code, day_label, exercise, prescription, target_rpe, rest, transfer, sort_order) values (4, 37, 'C', 'C — Tuesday', 'Judogi hang or towel hold', '2–3 sets', '7', '45–60s', 'Grip maintenance', 2);
insert into prescriptions (block_id, week_number, day_code, day_label, exercise, prescription, target_rpe, rest, transfer, sort_order) values (4, 37, 'C', 'C — Tuesday', 'Carry or neck circuit', '2 rounds', '6–7', '30–45s', 'Postural integrity', 3);
insert into prescriptions (block_id, week_number, day_code, day_label, exercise, prescription, target_rpe, rest, transfer, sort_order) values (4, 38, 'A', 'A — Monday', 'Front squat', '3×3 @7.5 | 3×4 in Week 37; follow weekly table', '7–8.5', '2–3 min', 'Maintain heavy squat exposure', 0);
insert into prescriptions (block_id, week_number, day_code, day_label, exercise, prescription, target_rpe, rest, transfer, sort_order) values (4, 38, 'A', 'A — Monday', 'Weighted pull-up or chin-up', '3×4', '7–8.5', '2 min', 'Pulling and grip retention', 1);
insert into prescriptions (block_id, week_number, day_code, day_label, exercise, prescription, target_rpe, rest, transfer, sort_order) values (4, 38, 'A', 'A — Monday', 'Low-incline press', '2–3×6–8', '7–8', '90–120s', 'Aesthetics and upper-body maintenance', 2);
insert into prescriptions (block_id, week_number, day_code, day_label, exercise, prescription, target_rpe, rest, transfer, sort_order) values (4, 38, 'A', 'A — Monday', 'Romanian deadlift', '2–3×6', '7', '2 min', 'Posterior-chain maintenance', 3);
insert into prescriptions (block_id, week_number, day_code, day_label, exercise, prescription, target_rpe, rest, transfer, sort_order) values (4, 38, 'A', 'A — Monday', 'Chest-supported row', '2–3×8', '7', '75–90s', 'Upper-back retention', 4);
insert into prescriptions (block_id, week_number, day_code, day_label, exercise, prescription, target_rpe, rest, transfer, sort_order) values (4, 38, 'A', 'A — Monday', 'Pallof press or suitcase carry', '2 sets', '6–7', '30–45s', 'Trunk stiffness', 5);
insert into prescriptions (block_id, week_number, day_code, day_label, exercise, prescription, target_rpe, rest, transfer, sort_order) values (4, 38, 'A', 'A — Monday', 'Neck work', '2 sets', '6–7', '30–45s', 'Robustness', 6);
insert into prescriptions (block_id, week_number, day_code, day_label, exercise, prescription, target_rpe, rest, transfer, sort_order) values (4, 38, 'B', 'B — Thursday', 'Trap-bar deadlift or clean pull', '3×3 @7.5 | 3×4 in Week 37; follow weekly table', '7–8.5', '2–3 min', 'Maintain heavy hinge or pull exposure', 0);
insert into prescriptions (block_id, week_number, day_code, day_label, exercise, prescription, target_rpe, rest, transfer, sort_order) values (4, 38, 'B', 'B — Thursday', 'Push press', '3×3', '7–8', '2 min', 'Power retention', 1);
insert into prescriptions (block_id, week_number, day_code, day_label, exercise, prescription, target_rpe, rest, transfer, sort_order) values (4, 38, 'B', 'B — Thursday', 'Bulgarian split squat', '2×5/leg', '7', '75–90s', 'Unilateral force maintenance', 2);
insert into prescriptions (block_id, week_number, day_code, day_label, exercise, prescription, target_rpe, rest, transfer, sort_order) values (4, 38, 'B', 'B — Thursday', 'Flat DB press', '2×6–8', '7', '75–90s', 'Upper-body retention', 3);
insert into prescriptions (block_id, week_number, day_code, day_label, exercise, prescription, target_rpe, rest, transfer, sort_order) values (4, 38, 'B', 'B — Thursday', 'Pulldown or row', '2–3×8', '7', '75–90s', 'Pulling maintenance', 4);
insert into prescriptions (block_id, week_number, day_code, day_label, exercise, prescription, target_rpe, rest, transfer, sort_order) values (4, 38, 'B', 'B — Thursday', 'Hamstring curl or Copenhagen', '2 sets', '7', '45–60s', 'Resilience', 5);
insert into prescriptions (block_id, week_number, day_code, day_label, exercise, prescription, target_rpe, rest, transfer, sort_order) values (4, 38, 'C', 'C — Tuesday', 'Two med-ball throw variations', '3×3–4 each', '6–7', '45–60s', 'Preserve explosiveness', 0);
insert into prescriptions (block_id, week_number, day_code, day_label, exercise, prescription, target_rpe, rest, transfer, sort_order) values (4, 38, 'C', 'C — Tuesday', 'Short band-entry circuit', '6–8 rounds', '6–7', '20–30s', 'Technical rhythm', 1);
insert into prescriptions (block_id, week_number, day_code, day_label, exercise, prescription, target_rpe, rest, transfer, sort_order) values (4, 38, 'C', 'C — Tuesday', 'Judogi hang or towel hold', '2–3 sets', '7', '45–60s', 'Grip maintenance', 2);
insert into prescriptions (block_id, week_number, day_code, day_label, exercise, prescription, target_rpe, rest, transfer, sort_order) values (4, 38, 'C', 'C — Tuesday', 'Carry or neck circuit', '2 rounds', '6–7', '30–45s', 'Postural integrity', 3);
insert into prescriptions (block_id, week_number, day_code, day_label, exercise, prescription, target_rpe, rest, transfer, sort_order) values (4, 39, 'A', 'A — Monday', 'Front squat', '2×3 @8 | 3×4 in Week 37; follow weekly table', '7–8.5', '2–3 min', 'Maintain heavy squat exposure', 0);
insert into prescriptions (block_id, week_number, day_code, day_label, exercise, prescription, target_rpe, rest, transfer, sort_order) values (4, 39, 'A', 'A — Monday', 'Weighted pull-up or chin-up', '3×4', '7–8.5', '2 min', 'Pulling and grip retention', 1);
insert into prescriptions (block_id, week_number, day_code, day_label, exercise, prescription, target_rpe, rest, transfer, sort_order) values (4, 39, 'A', 'A — Monday', 'Low-incline press', '2–3×6–8', '7–8', '90–120s', 'Aesthetics and upper-body maintenance', 2);
insert into prescriptions (block_id, week_number, day_code, day_label, exercise, prescription, target_rpe, rest, transfer, sort_order) values (4, 39, 'A', 'A — Monday', 'Romanian deadlift', '2–3×6', '7', '2 min', 'Posterior-chain maintenance', 3);
insert into prescriptions (block_id, week_number, day_code, day_label, exercise, prescription, target_rpe, rest, transfer, sort_order) values (4, 39, 'A', 'A — Monday', 'Chest-supported row', '2–3×8', '7', '75–90s', 'Upper-back retention', 4);
insert into prescriptions (block_id, week_number, day_code, day_label, exercise, prescription, target_rpe, rest, transfer, sort_order) values (4, 39, 'A', 'A — Monday', 'Pallof press or suitcase carry', '2 sets', '6–7', '30–45s', 'Trunk stiffness', 5);
insert into prescriptions (block_id, week_number, day_code, day_label, exercise, prescription, target_rpe, rest, transfer, sort_order) values (4, 39, 'A', 'A — Monday', 'Neck work', '2 sets', '6–7', '30–45s', 'Robustness', 6);
insert into prescriptions (block_id, week_number, day_code, day_label, exercise, prescription, target_rpe, rest, transfer, sort_order) values (4, 39, 'B', 'B — Thursday', 'Trap-bar deadlift or clean pull', '2×3 @8 | 3×4 in Week 37; follow weekly table', '7–8.5', '2–3 min', 'Maintain heavy hinge or pull exposure', 0);
insert into prescriptions (block_id, week_number, day_code, day_label, exercise, prescription, target_rpe, rest, transfer, sort_order) values (4, 39, 'B', 'B — Thursday', 'Push press', '3×3', '7–8', '2 min', 'Power retention', 1);
insert into prescriptions (block_id, week_number, day_code, day_label, exercise, prescription, target_rpe, rest, transfer, sort_order) values (4, 39, 'B', 'B — Thursday', 'Bulgarian split squat', '2×5/leg', '7', '75–90s', 'Unilateral force maintenance', 2);
insert into prescriptions (block_id, week_number, day_code, day_label, exercise, prescription, target_rpe, rest, transfer, sort_order) values (4, 39, 'B', 'B — Thursday', 'Flat DB press', '2×6–8', '7', '75–90s', 'Upper-body retention', 3);
insert into prescriptions (block_id, week_number, day_code, day_label, exercise, prescription, target_rpe, rest, transfer, sort_order) values (4, 39, 'B', 'B — Thursday', 'Pulldown or row', '2–3×8', '7', '75–90s', 'Pulling maintenance', 4);
insert into prescriptions (block_id, week_number, day_code, day_label, exercise, prescription, target_rpe, rest, transfer, sort_order) values (4, 39, 'B', 'B — Thursday', 'Hamstring curl or Copenhagen', '2 sets', '7', '45–60s', 'Resilience', 5);
insert into prescriptions (block_id, week_number, day_code, day_label, exercise, prescription, target_rpe, rest, transfer, sort_order) values (4, 39, 'C', 'C — Tuesday', 'Two med-ball throw variations', '3×3–4 each', '6–7', '45–60s', 'Preserve explosiveness', 0);
insert into prescriptions (block_id, week_number, day_code, day_label, exercise, prescription, target_rpe, rest, transfer, sort_order) values (4, 39, 'C', 'C — Tuesday', 'Short band-entry circuit', '6–8 rounds', '6–7', '20–30s', 'Technical rhythm', 1);
insert into prescriptions (block_id, week_number, day_code, day_label, exercise, prescription, target_rpe, rest, transfer, sort_order) values (4, 39, 'C', 'C — Tuesday', 'Judogi hang or towel hold', '2–3 sets', '7', '45–60s', 'Grip maintenance', 2);
insert into prescriptions (block_id, week_number, day_code, day_label, exercise, prescription, target_rpe, rest, transfer, sort_order) values (4, 39, 'C', 'C — Tuesday', 'Carry or neck circuit', '2 rounds', '6–7', '30–45s', 'Postural integrity', 3);
insert into prescriptions (block_id, week_number, day_code, day_label, exercise, prescription, target_rpe, rest, transfer, sort_order) values (4, 40, 'A', 'A — Monday', 'Front squat', 'Deload 2×3 @6 | 3×4 in Week 37; follow weekly table', '7–8.5', '2–3 min', 'Maintain heavy squat exposure', 0);
insert into prescriptions (block_id, week_number, day_code, day_label, exercise, prescription, target_rpe, rest, transfer, sort_order) values (4, 40, 'A', 'A — Monday', 'Weighted pull-up or chin-up', '3×4', '7–8.5', '2 min', 'Pulling and grip retention', 1);
insert into prescriptions (block_id, week_number, day_code, day_label, exercise, prescription, target_rpe, rest, transfer, sort_order) values (4, 40, 'A', 'A — Monday', 'Low-incline press', '2–3×6–8', '7–8', '90–120s', 'Aesthetics and upper-body maintenance', 2);
insert into prescriptions (block_id, week_number, day_code, day_label, exercise, prescription, target_rpe, rest, transfer, sort_order) values (4, 40, 'A', 'A — Monday', 'Romanian deadlift', '2–3×6', '7', '2 min', 'Posterior-chain maintenance', 3);
insert into prescriptions (block_id, week_number, day_code, day_label, exercise, prescription, target_rpe, rest, transfer, sort_order) values (4, 40, 'A', 'A — Monday', 'Chest-supported row', '2–3×8', '7', '75–90s', 'Upper-back retention', 4);
insert into prescriptions (block_id, week_number, day_code, day_label, exercise, prescription, target_rpe, rest, transfer, sort_order) values (4, 40, 'A', 'A — Monday', 'Pallof press or suitcase carry', '2 sets', '6–7', '30–45s', 'Trunk stiffness', 5);
insert into prescriptions (block_id, week_number, day_code, day_label, exercise, prescription, target_rpe, rest, transfer, sort_order) values (4, 40, 'A', 'A — Monday', 'Neck work', '2 sets', '6–7', '30–45s', 'Robustness', 6);
insert into prescriptions (block_id, week_number, day_code, day_label, exercise, prescription, target_rpe, rest, transfer, sort_order) values (4, 40, 'B', 'B — Thursday', 'Trap-bar deadlift or clean pull', 'Deload 2×3 @6 | 3×4 in Week 37; follow weekly table', '7–8.5', '2–3 min', 'Maintain heavy hinge or pull exposure', 0);
insert into prescriptions (block_id, week_number, day_code, day_label, exercise, prescription, target_rpe, rest, transfer, sort_order) values (4, 40, 'B', 'B — Thursday', 'Push press', '3×3', '7–8', '2 min', 'Power retention', 1);
insert into prescriptions (block_id, week_number, day_code, day_label, exercise, prescription, target_rpe, rest, transfer, sort_order) values (4, 40, 'B', 'B — Thursday', 'Bulgarian split squat', '2×5/leg', '7', '75–90s', 'Unilateral force maintenance', 2);
insert into prescriptions (block_id, week_number, day_code, day_label, exercise, prescription, target_rpe, rest, transfer, sort_order) values (4, 40, 'B', 'B — Thursday', 'Flat DB press', '2×6–8', '7', '75–90s', 'Upper-body retention', 3);
insert into prescriptions (block_id, week_number, day_code, day_label, exercise, prescription, target_rpe, rest, transfer, sort_order) values (4, 40, 'B', 'B — Thursday', 'Pulldown or row', '2–3×8', '7', '75–90s', 'Pulling maintenance', 4);
insert into prescriptions (block_id, week_number, day_code, day_label, exercise, prescription, target_rpe, rest, transfer, sort_order) values (4, 40, 'B', 'B — Thursday', 'Hamstring curl or Copenhagen', '2 sets', '7', '45–60s', 'Resilience', 5);
insert into prescriptions (block_id, week_number, day_code, day_label, exercise, prescription, target_rpe, rest, transfer, sort_order) values (4, 40, 'C', 'C — Tuesday', 'Two med-ball throw variations', '3×3–4 each', '6–7', '45–60s', 'Preserve explosiveness', 0);
insert into prescriptions (block_id, week_number, day_code, day_label, exercise, prescription, target_rpe, rest, transfer, sort_order) values (4, 40, 'C', 'C — Tuesday', 'Short band-entry circuit', '6–8 rounds', '6–7', '20–30s', 'Technical rhythm', 1);
insert into prescriptions (block_id, week_number, day_code, day_label, exercise, prescription, target_rpe, rest, transfer, sort_order) values (4, 40, 'C', 'C — Tuesday', 'Judogi hang or towel hold', '2–3 sets', '7', '45–60s', 'Grip maintenance', 2);
insert into prescriptions (block_id, week_number, day_code, day_label, exercise, prescription, target_rpe, rest, transfer, sort_order) values (4, 40, 'C', 'C — Tuesday', 'Carry or neck circuit', '2 rounds', '6–7', '30–45s', 'Postural integrity', 3);
insert into prescriptions (block_id, week_number, day_code, day_label, exercise, prescription, target_rpe, rest, transfer, sort_order) values (4, 41, 'A', 'A — Monday', 'Front squat', '3×3 @7.5 | 3×4 in Week 37; follow weekly table', '7–8.5', '2–3 min', 'Maintain heavy squat exposure', 0);
insert into prescriptions (block_id, week_number, day_code, day_label, exercise, prescription, target_rpe, rest, transfer, sort_order) values (4, 41, 'A', 'A — Monday', 'Weighted pull-up or chin-up', '3×4', '7–8.5', '2 min', 'Pulling and grip retention', 1);
insert into prescriptions (block_id, week_number, day_code, day_label, exercise, prescription, target_rpe, rest, transfer, sort_order) values (4, 41, 'A', 'A — Monday', 'Low-incline press', '2–3×6–8', '7–8', '90–120s', 'Aesthetics and upper-body maintenance', 2);
insert into prescriptions (block_id, week_number, day_code, day_label, exercise, prescription, target_rpe, rest, transfer, sort_order) values (4, 41, 'A', 'A — Monday', 'Romanian deadlift', '2–3×6', '7', '2 min', 'Posterior-chain maintenance', 3);
insert into prescriptions (block_id, week_number, day_code, day_label, exercise, prescription, target_rpe, rest, transfer, sort_order) values (4, 41, 'A', 'A — Monday', 'Chest-supported row', '2–3×8', '7', '75–90s', 'Upper-back retention', 4);
insert into prescriptions (block_id, week_number, day_code, day_label, exercise, prescription, target_rpe, rest, transfer, sort_order) values (4, 41, 'A', 'A — Monday', 'Pallof press or suitcase carry', '2 sets', '6–7', '30–45s', 'Trunk stiffness', 5);
insert into prescriptions (block_id, week_number, day_code, day_label, exercise, prescription, target_rpe, rest, transfer, sort_order) values (4, 41, 'A', 'A — Monday', 'Neck work', '2 sets', '6–7', '30–45s', 'Robustness', 6);
insert into prescriptions (block_id, week_number, day_code, day_label, exercise, prescription, target_rpe, rest, transfer, sort_order) values (4, 41, 'B', 'B — Thursday', 'Trap-bar deadlift or clean pull', '3×3 @7.5 | 3×4 in Week 37; follow weekly table', '7–8.5', '2–3 min', 'Maintain heavy hinge or pull exposure', 0);
insert into prescriptions (block_id, week_number, day_code, day_label, exercise, prescription, target_rpe, rest, transfer, sort_order) values (4, 41, 'B', 'B — Thursday', 'Push press', '3×3', '7–8', '2 min', 'Power retention', 1);
insert into prescriptions (block_id, week_number, day_code, day_label, exercise, prescription, target_rpe, rest, transfer, sort_order) values (4, 41, 'B', 'B — Thursday', 'Bulgarian split squat', '2×5/leg', '7', '75–90s', 'Unilateral force maintenance', 2);
insert into prescriptions (block_id, week_number, day_code, day_label, exercise, prescription, target_rpe, rest, transfer, sort_order) values (4, 41, 'B', 'B — Thursday', 'Flat DB press', '2×6–8', '7', '75–90s', 'Upper-body retention', 3);
insert into prescriptions (block_id, week_number, day_code, day_label, exercise, prescription, target_rpe, rest, transfer, sort_order) values (4, 41, 'B', 'B — Thursday', 'Pulldown or row', '2–3×8', '7', '75–90s', 'Pulling maintenance', 4);
insert into prescriptions (block_id, week_number, day_code, day_label, exercise, prescription, target_rpe, rest, transfer, sort_order) values (4, 41, 'B', 'B — Thursday', 'Hamstring curl or Copenhagen', '2 sets', '7', '45–60s', 'Resilience', 5);
insert into prescriptions (block_id, week_number, day_code, day_label, exercise, prescription, target_rpe, rest, transfer, sort_order) values (4, 41, 'C', 'C — Tuesday', 'Two med-ball throw variations', '3×3–4 each', '6–7', '45–60s', 'Preserve explosiveness', 0);
insert into prescriptions (block_id, week_number, day_code, day_label, exercise, prescription, target_rpe, rest, transfer, sort_order) values (4, 41, 'C', 'C — Tuesday', 'Short band-entry circuit', '6–8 rounds', '6–7', '20–30s', 'Technical rhythm', 1);
insert into prescriptions (block_id, week_number, day_code, day_label, exercise, prescription, target_rpe, rest, transfer, sort_order) values (4, 41, 'C', 'C — Tuesday', 'Judogi hang or towel hold', '2–3 sets', '7', '45–60s', 'Grip maintenance', 2);
insert into prescriptions (block_id, week_number, day_code, day_label, exercise, prescription, target_rpe, rest, transfer, sort_order) values (4, 41, 'C', 'C — Tuesday', 'Carry or neck circuit', '2 rounds', '6–7', '30–45s', 'Postural integrity', 3);
insert into prescriptions (block_id, week_number, day_code, day_label, exercise, prescription, target_rpe, rest, transfer, sort_order) values (4, 42, 'A', 'A — Monday', 'Front squat', '2×2 @8 | 3×4 in Week 37; follow weekly table', '7–8.5', '2–3 min', 'Maintain heavy squat exposure', 0);
insert into prescriptions (block_id, week_number, day_code, day_label, exercise, prescription, target_rpe, rest, transfer, sort_order) values (4, 42, 'A', 'A — Monday', 'Weighted pull-up or chin-up', '3×4', '7–8.5', '2 min', 'Pulling and grip retention', 1);
insert into prescriptions (block_id, week_number, day_code, day_label, exercise, prescription, target_rpe, rest, transfer, sort_order) values (4, 42, 'A', 'A — Monday', 'Low-incline press', '2–3×6–8', '7–8', '90–120s', 'Aesthetics and upper-body maintenance', 2);
insert into prescriptions (block_id, week_number, day_code, day_label, exercise, prescription, target_rpe, rest, transfer, sort_order) values (4, 42, 'A', 'A — Monday', 'Romanian deadlift', '2–3×6', '7', '2 min', 'Posterior-chain maintenance', 3);
insert into prescriptions (block_id, week_number, day_code, day_label, exercise, prescription, target_rpe, rest, transfer, sort_order) values (4, 42, 'A', 'A — Monday', 'Chest-supported row', '2–3×8', '7', '75–90s', 'Upper-back retention', 4);
insert into prescriptions (block_id, week_number, day_code, day_label, exercise, prescription, target_rpe, rest, transfer, sort_order) values (4, 42, 'A', 'A — Monday', 'Pallof press or suitcase carry', '2 sets', '6–7', '30–45s', 'Trunk stiffness', 5);
insert into prescriptions (block_id, week_number, day_code, day_label, exercise, prescription, target_rpe, rest, transfer, sort_order) values (4, 42, 'A', 'A — Monday', 'Neck work', '2 sets', '6–7', '30–45s', 'Robustness', 6);
insert into prescriptions (block_id, week_number, day_code, day_label, exercise, prescription, target_rpe, rest, transfer, sort_order) values (4, 42, 'B', 'B — Thursday', 'Trap-bar deadlift or clean pull', '2×2 @8 | 3×4 in Week 37; follow weekly table', '7–8.5', '2–3 min', 'Maintain heavy hinge or pull exposure', 0);
insert into prescriptions (block_id, week_number, day_code, day_label, exercise, prescription, target_rpe, rest, transfer, sort_order) values (4, 42, 'B', 'B — Thursday', 'Push press', '3×3', '7–8', '2 min', 'Power retention', 1);
insert into prescriptions (block_id, week_number, day_code, day_label, exercise, prescription, target_rpe, rest, transfer, sort_order) values (4, 42, 'B', 'B — Thursday', 'Bulgarian split squat', '2×5/leg', '7', '75–90s', 'Unilateral force maintenance', 2);
insert into prescriptions (block_id, week_number, day_code, day_label, exercise, prescription, target_rpe, rest, transfer, sort_order) values (4, 42, 'B', 'B — Thursday', 'Flat DB press', '2×6–8', '7', '75–90s', 'Upper-body retention', 3);
insert into prescriptions (block_id, week_number, day_code, day_label, exercise, prescription, target_rpe, rest, transfer, sort_order) values (4, 42, 'B', 'B — Thursday', 'Pulldown or row', '2–3×8', '7', '75–90s', 'Pulling maintenance', 4);
insert into prescriptions (block_id, week_number, day_code, day_label, exercise, prescription, target_rpe, rest, transfer, sort_order) values (4, 42, 'B', 'B — Thursday', 'Hamstring curl or Copenhagen', '2 sets', '7', '45–60s', 'Resilience', 5);
insert into prescriptions (block_id, week_number, day_code, day_label, exercise, prescription, target_rpe, rest, transfer, sort_order) values (4, 42, 'C', 'C — Tuesday', 'Two med-ball throw variations', '3×3–4 each', '6–7', '45–60s', 'Preserve explosiveness', 0);
insert into prescriptions (block_id, week_number, day_code, day_label, exercise, prescription, target_rpe, rest, transfer, sort_order) values (4, 42, 'C', 'C — Tuesday', 'Short band-entry circuit', '6–8 rounds', '6–7', '20–30s', 'Technical rhythm', 1);
insert into prescriptions (block_id, week_number, day_code, day_label, exercise, prescription, target_rpe, rest, transfer, sort_order) values (4, 42, 'C', 'C — Tuesday', 'Judogi hang or towel hold', '2–3 sets', '7', '45–60s', 'Grip maintenance', 2);
insert into prescriptions (block_id, week_number, day_code, day_label, exercise, prescription, target_rpe, rest, transfer, sort_order) values (4, 42, 'C', 'C — Tuesday', 'Carry or neck circuit', '2 rounds', '6–7', '30–45s', 'Postural integrity', 3);
insert into prescriptions (block_id, week_number, day_code, day_label, exercise, prescription, target_rpe, rest, transfer, sort_order) values (4, 43, 'A', 'A — Monday', 'Front squat', '2×2 @8.5 | 3×4 in Week 37; follow weekly table', '7–8.5', '2–3 min', 'Maintain heavy squat exposure', 0);
insert into prescriptions (block_id, week_number, day_code, day_label, exercise, prescription, target_rpe, rest, transfer, sort_order) values (4, 43, 'A', 'A — Monday', 'Weighted pull-up or chin-up', '3×4', '7–8.5', '2 min', 'Pulling and grip retention', 1);
insert into prescriptions (block_id, week_number, day_code, day_label, exercise, prescription, target_rpe, rest, transfer, sort_order) values (4, 43, 'A', 'A — Monday', 'Low-incline press', '2–3×6–8', '7–8', '90–120s', 'Aesthetics and upper-body maintenance', 2);
insert into prescriptions (block_id, week_number, day_code, day_label, exercise, prescription, target_rpe, rest, transfer, sort_order) values (4, 43, 'A', 'A — Monday', 'Romanian deadlift', '2–3×6', '7', '2 min', 'Posterior-chain maintenance', 3);
insert into prescriptions (block_id, week_number, day_code, day_label, exercise, prescription, target_rpe, rest, transfer, sort_order) values (4, 43, 'A', 'A — Monday', 'Chest-supported row', '2–3×8', '7', '75–90s', 'Upper-back retention', 4);
insert into prescriptions (block_id, week_number, day_code, day_label, exercise, prescription, target_rpe, rest, transfer, sort_order) values (4, 43, 'A', 'A — Monday', 'Pallof press or suitcase carry', '2 sets', '6–7', '30–45s', 'Trunk stiffness', 5);
insert into prescriptions (block_id, week_number, day_code, day_label, exercise, prescription, target_rpe, rest, transfer, sort_order) values (4, 43, 'A', 'A — Monday', 'Neck work', '2 sets', '6–7', '30–45s', 'Robustness', 6);
insert into prescriptions (block_id, week_number, day_code, day_label, exercise, prescription, target_rpe, rest, transfer, sort_order) values (4, 43, 'B', 'B — Thursday', 'Trap-bar deadlift or clean pull', '2×2 @8.5 | 3×4 in Week 37; follow weekly table', '7–8.5', '2–3 min', 'Maintain heavy hinge or pull exposure', 0);
insert into prescriptions (block_id, week_number, day_code, day_label, exercise, prescription, target_rpe, rest, transfer, sort_order) values (4, 43, 'B', 'B — Thursday', 'Push press', '3×3', '7–8', '2 min', 'Power retention', 1);
insert into prescriptions (block_id, week_number, day_code, day_label, exercise, prescription, target_rpe, rest, transfer, sort_order) values (4, 43, 'B', 'B — Thursday', 'Bulgarian split squat', '2×5/leg', '7', '75–90s', 'Unilateral force maintenance', 2);
insert into prescriptions (block_id, week_number, day_code, day_label, exercise, prescription, target_rpe, rest, transfer, sort_order) values (4, 43, 'B', 'B — Thursday', 'Flat DB press', '2×6–8', '7', '75–90s', 'Upper-body retention', 3);
insert into prescriptions (block_id, week_number, day_code, day_label, exercise, prescription, target_rpe, rest, transfer, sort_order) values (4, 43, 'B', 'B — Thursday', 'Pulldown or row', '2–3×8', '7', '75–90s', 'Pulling maintenance', 4);
insert into prescriptions (block_id, week_number, day_code, day_label, exercise, prescription, target_rpe, rest, transfer, sort_order) values (4, 43, 'B', 'B — Thursday', 'Hamstring curl or Copenhagen', '2 sets', '7', '45–60s', 'Resilience', 5);
insert into prescriptions (block_id, week_number, day_code, day_label, exercise, prescription, target_rpe, rest, transfer, sort_order) values (4, 43, 'C', 'C — Tuesday', 'Two med-ball throw variations', '3×3–4 each', '6–7', '45–60s', 'Preserve explosiveness', 0);
insert into prescriptions (block_id, week_number, day_code, day_label, exercise, prescription, target_rpe, rest, transfer, sort_order) values (4, 43, 'C', 'C — Tuesday', 'Short band-entry circuit', '6–8 rounds', '6–7', '20–30s', 'Technical rhythm', 1);
insert into prescriptions (block_id, week_number, day_code, day_label, exercise, prescription, target_rpe, rest, transfer, sort_order) values (4, 43, 'C', 'C — Tuesday', 'Judogi hang or towel hold', '2–3 sets', '7', '45–60s', 'Grip maintenance', 2);
insert into prescriptions (block_id, week_number, day_code, day_label, exercise, prescription, target_rpe, rest, transfer, sort_order) values (4, 43, 'C', 'C — Tuesday', 'Carry or neck circuit', '2 rounds', '6–7', '30–45s', 'Postural integrity', 3);
insert into prescriptions (block_id, week_number, day_code, day_label, exercise, prescription, target_rpe, rest, transfer, sort_order) values (4, 44, 'A', 'A — Monday', 'Front squat', 'Deload 2×2 @6 | 3×4 in Week 37; follow weekly table', '7–8.5', '2–3 min', 'Maintain heavy squat exposure', 0);
insert into prescriptions (block_id, week_number, day_code, day_label, exercise, prescription, target_rpe, rest, transfer, sort_order) values (4, 44, 'A', 'A — Monday', 'Weighted pull-up or chin-up', '3×4', '7–8.5', '2 min', 'Pulling and grip retention', 1);
insert into prescriptions (block_id, week_number, day_code, day_label, exercise, prescription, target_rpe, rest, transfer, sort_order) values (4, 44, 'A', 'A — Monday', 'Low-incline press', '2–3×6–8', '7–8', '90–120s', 'Aesthetics and upper-body maintenance', 2);
insert into prescriptions (block_id, week_number, day_code, day_label, exercise, prescription, target_rpe, rest, transfer, sort_order) values (4, 44, 'A', 'A — Monday', 'Romanian deadlift', '2–3×6', '7', '2 min', 'Posterior-chain maintenance', 3);
insert into prescriptions (block_id, week_number, day_code, day_label, exercise, prescription, target_rpe, rest, transfer, sort_order) values (4, 44, 'A', 'A — Monday', 'Chest-supported row', '2–3×8', '7', '75–90s', 'Upper-back retention', 4);
insert into prescriptions (block_id, week_number, day_code, day_label, exercise, prescription, target_rpe, rest, transfer, sort_order) values (4, 44, 'A', 'A — Monday', 'Pallof press or suitcase carry', '2 sets', '6–7', '30–45s', 'Trunk stiffness', 5);
insert into prescriptions (block_id, week_number, day_code, day_label, exercise, prescription, target_rpe, rest, transfer, sort_order) values (4, 44, 'A', 'A — Monday', 'Neck work', '2 sets', '6–7', '30–45s', 'Robustness', 6);
insert into prescriptions (block_id, week_number, day_code, day_label, exercise, prescription, target_rpe, rest, transfer, sort_order) values (4, 44, 'B', 'B — Thursday', 'Trap-bar deadlift or clean pull', 'Deload 2×2 @6 | 3×4 in Week 37; follow weekly table', '7–8.5', '2–3 min', 'Maintain heavy hinge or pull exposure', 0);
insert into prescriptions (block_id, week_number, day_code, day_label, exercise, prescription, target_rpe, rest, transfer, sort_order) values (4, 44, 'B', 'B — Thursday', 'Push press', '3×3', '7–8', '2 min', 'Power retention', 1);
insert into prescriptions (block_id, week_number, day_code, day_label, exercise, prescription, target_rpe, rest, transfer, sort_order) values (4, 44, 'B', 'B — Thursday', 'Bulgarian split squat', '2×5/leg', '7', '75–90s', 'Unilateral force maintenance', 2);
insert into prescriptions (block_id, week_number, day_code, day_label, exercise, prescription, target_rpe, rest, transfer, sort_order) values (4, 44, 'B', 'B — Thursday', 'Flat DB press', '2×6–8', '7', '75–90s', 'Upper-body retention', 3);
insert into prescriptions (block_id, week_number, day_code, day_label, exercise, prescription, target_rpe, rest, transfer, sort_order) values (4, 44, 'B', 'B — Thursday', 'Pulldown or row', '2–3×8', '7', '75–90s', 'Pulling maintenance', 4);
insert into prescriptions (block_id, week_number, day_code, day_label, exercise, prescription, target_rpe, rest, transfer, sort_order) values (4, 44, 'B', 'B — Thursday', 'Hamstring curl or Copenhagen', '2 sets', '7', '45–60s', 'Resilience', 5);
insert into prescriptions (block_id, week_number, day_code, day_label, exercise, prescription, target_rpe, rest, transfer, sort_order) values (4, 44, 'C', 'C — Tuesday', 'Two med-ball throw variations', '3×3–4 each', '6–7', '45–60s', 'Preserve explosiveness', 0);
insert into prescriptions (block_id, week_number, day_code, day_label, exercise, prescription, target_rpe, rest, transfer, sort_order) values (4, 44, 'C', 'C — Tuesday', 'Short band-entry circuit', '6–8 rounds', '6–7', '20–30s', 'Technical rhythm', 1);
insert into prescriptions (block_id, week_number, day_code, day_label, exercise, prescription, target_rpe, rest, transfer, sort_order) values (4, 44, 'C', 'C — Tuesday', 'Judogi hang or towel hold', '2–3 sets', '7', '45–60s', 'Grip maintenance', 2);
insert into prescriptions (block_id, week_number, day_code, day_label, exercise, prescription, target_rpe, rest, transfer, sort_order) values (4, 44, 'C', 'C — Tuesday', 'Carry or neck circuit', '2 rounds', '6–7', '30–45s', 'Postural integrity', 3);
insert into prescriptions (block_id, week_number, day_code, day_label, exercise, prescription, target_rpe, rest, transfer, sort_order) values (4, 45, 'A', 'A — Monday', 'Front squat', '3×3 @7 | 3×4 in Week 37; follow weekly table', '7–8.5', '2–3 min', 'Maintain heavy squat exposure', 0);
insert into prescriptions (block_id, week_number, day_code, day_label, exercise, prescription, target_rpe, rest, transfer, sort_order) values (4, 45, 'A', 'A — Monday', 'Weighted pull-up or chin-up', '3×4', '7–8.5', '2 min', 'Pulling and grip retention', 1);
insert into prescriptions (block_id, week_number, day_code, day_label, exercise, prescription, target_rpe, rest, transfer, sort_order) values (4, 45, 'A', 'A — Monday', 'Low-incline press', '2–3×6–8', '7–8', '90–120s', 'Aesthetics and upper-body maintenance', 2);
insert into prescriptions (block_id, week_number, day_code, day_label, exercise, prescription, target_rpe, rest, transfer, sort_order) values (4, 45, 'A', 'A — Monday', 'Romanian deadlift', '2–3×6', '7', '2 min', 'Posterior-chain maintenance', 3);
insert into prescriptions (block_id, week_number, day_code, day_label, exercise, prescription, target_rpe, rest, transfer, sort_order) values (4, 45, 'A', 'A — Monday', 'Chest-supported row', '2–3×8', '7', '75–90s', 'Upper-back retention', 4);
insert into prescriptions (block_id, week_number, day_code, day_label, exercise, prescription, target_rpe, rest, transfer, sort_order) values (4, 45, 'A', 'A — Monday', 'Pallof press or suitcase carry', '2 sets', '6–7', '30–45s', 'Trunk stiffness', 5);
insert into prescriptions (block_id, week_number, day_code, day_label, exercise, prescription, target_rpe, rest, transfer, sort_order) values (4, 45, 'A', 'A — Monday', 'Neck work', '2 sets', '6–7', '30–45s', 'Robustness', 6);
insert into prescriptions (block_id, week_number, day_code, day_label, exercise, prescription, target_rpe, rest, transfer, sort_order) values (4, 45, 'B', 'B — Thursday', 'Trap-bar deadlift or clean pull', '3×3 @7 | 3×4 in Week 37; follow weekly table', '7–8.5', '2–3 min', 'Maintain heavy hinge or pull exposure', 0);
insert into prescriptions (block_id, week_number, day_code, day_label, exercise, prescription, target_rpe, rest, transfer, sort_order) values (4, 45, 'B', 'B — Thursday', 'Push press', '3×3', '7–8', '2 min', 'Power retention', 1);
insert into prescriptions (block_id, week_number, day_code, day_label, exercise, prescription, target_rpe, rest, transfer, sort_order) values (4, 45, 'B', 'B — Thursday', 'Bulgarian split squat', '2×5/leg', '7', '75–90s', 'Unilateral force maintenance', 2);
insert into prescriptions (block_id, week_number, day_code, day_label, exercise, prescription, target_rpe, rest, transfer, sort_order) values (4, 45, 'B', 'B — Thursday', 'Flat DB press', '2×6–8', '7', '75–90s', 'Upper-body retention', 3);
insert into prescriptions (block_id, week_number, day_code, day_label, exercise, prescription, target_rpe, rest, transfer, sort_order) values (4, 45, 'B', 'B — Thursday', 'Pulldown or row', '2–3×8', '7', '75–90s', 'Pulling maintenance', 4);
insert into prescriptions (block_id, week_number, day_code, day_label, exercise, prescription, target_rpe, rest, transfer, sort_order) values (4, 45, 'B', 'B — Thursday', 'Hamstring curl or Copenhagen', '2 sets', '7', '45–60s', 'Resilience', 5);
insert into prescriptions (block_id, week_number, day_code, day_label, exercise, prescription, target_rpe, rest, transfer, sort_order) values (4, 45, 'C', 'C — Tuesday', 'Two med-ball throw variations', '3×3–4 each', '6–7', '45–60s', 'Preserve explosiveness', 0);
insert into prescriptions (block_id, week_number, day_code, day_label, exercise, prescription, target_rpe, rest, transfer, sort_order) values (4, 45, 'C', 'C — Tuesday', 'Short band-entry circuit', '6–8 rounds', '6–7', '20–30s', 'Technical rhythm', 1);
insert into prescriptions (block_id, week_number, day_code, day_label, exercise, prescription, target_rpe, rest, transfer, sort_order) values (4, 45, 'C', 'C — Tuesday', 'Judogi hang or towel hold', '2–3 sets', '7', '45–60s', 'Grip maintenance', 2);
insert into prescriptions (block_id, week_number, day_code, day_label, exercise, prescription, target_rpe, rest, transfer, sort_order) values (4, 45, 'C', 'C — Tuesday', 'Carry or neck circuit', '2 rounds', '6–7', '30–45s', 'Postural integrity', 3);
insert into prescriptions (block_id, week_number, day_code, day_label, exercise, prescription, target_rpe, rest, transfer, sort_order) values (4, 46, 'A', 'A — Monday', 'Front squat', '2×2 @8 | 3×4 in Week 37; follow weekly table', '7–8.5', '2–3 min', 'Maintain heavy squat exposure', 0);
insert into prescriptions (block_id, week_number, day_code, day_label, exercise, prescription, target_rpe, rest, transfer, sort_order) values (4, 46, 'A', 'A — Monday', 'Weighted pull-up or chin-up', '3×4', '7–8.5', '2 min', 'Pulling and grip retention', 1);
insert into prescriptions (block_id, week_number, day_code, day_label, exercise, prescription, target_rpe, rest, transfer, sort_order) values (4, 46, 'A', 'A — Monday', 'Low-incline press', '2–3×6–8', '7–8', '90–120s', 'Aesthetics and upper-body maintenance', 2);
insert into prescriptions (block_id, week_number, day_code, day_label, exercise, prescription, target_rpe, rest, transfer, sort_order) values (4, 46, 'A', 'A — Monday', 'Romanian deadlift', '2–3×6', '7', '2 min', 'Posterior-chain maintenance', 3);
insert into prescriptions (block_id, week_number, day_code, day_label, exercise, prescription, target_rpe, rest, transfer, sort_order) values (4, 46, 'A', 'A — Monday', 'Chest-supported row', '2–3×8', '7', '75–90s', 'Upper-back retention', 4);
insert into prescriptions (block_id, week_number, day_code, day_label, exercise, prescription, target_rpe, rest, transfer, sort_order) values (4, 46, 'A', 'A — Monday', 'Pallof press or suitcase carry', '2 sets', '6–7', '30–45s', 'Trunk stiffness', 5);
insert into prescriptions (block_id, week_number, day_code, day_label, exercise, prescription, target_rpe, rest, transfer, sort_order) values (4, 46, 'A', 'A — Monday', 'Neck work', '2 sets', '6–7', '30–45s', 'Robustness', 6);
insert into prescriptions (block_id, week_number, day_code, day_label, exercise, prescription, target_rpe, rest, transfer, sort_order) values (4, 46, 'B', 'B — Thursday', 'Trap-bar deadlift or clean pull', '2×2 @8 | 3×4 in Week 37; follow weekly table', '7–8.5', '2–3 min', 'Maintain heavy hinge or pull exposure', 0);
insert into prescriptions (block_id, week_number, day_code, day_label, exercise, prescription, target_rpe, rest, transfer, sort_order) values (4, 46, 'B', 'B — Thursday', 'Push press', '3×3', '7–8', '2 min', 'Power retention', 1);
insert into prescriptions (block_id, week_number, day_code, day_label, exercise, prescription, target_rpe, rest, transfer, sort_order) values (4, 46, 'B', 'B — Thursday', 'Bulgarian split squat', '2×5/leg', '7', '75–90s', 'Unilateral force maintenance', 2);
insert into prescriptions (block_id, week_number, day_code, day_label, exercise, prescription, target_rpe, rest, transfer, sort_order) values (4, 46, 'B', 'B — Thursday', 'Flat DB press', '2×6–8', '7', '75–90s', 'Upper-body retention', 3);
insert into prescriptions (block_id, week_number, day_code, day_label, exercise, prescription, target_rpe, rest, transfer, sort_order) values (4, 46, 'B', 'B — Thursday', 'Pulldown or row', '2–3×8', '7', '75–90s', 'Pulling maintenance', 4);
insert into prescriptions (block_id, week_number, day_code, day_label, exercise, prescription, target_rpe, rest, transfer, sort_order) values (4, 46, 'B', 'B — Thursday', 'Hamstring curl or Copenhagen', '2 sets', '7', '45–60s', 'Resilience', 5);
insert into prescriptions (block_id, week_number, day_code, day_label, exercise, prescription, target_rpe, rest, transfer, sort_order) values (4, 46, 'C', 'C — Tuesday', 'Two med-ball throw variations', '3×3–4 each', '6–7', '45–60s', 'Preserve explosiveness', 0);
insert into prescriptions (block_id, week_number, day_code, day_label, exercise, prescription, target_rpe, rest, transfer, sort_order) values (4, 46, 'C', 'C — Tuesday', 'Short band-entry circuit', '6–8 rounds', '6–7', '20–30s', 'Technical rhythm', 1);
insert into prescriptions (block_id, week_number, day_code, day_label, exercise, prescription, target_rpe, rest, transfer, sort_order) values (4, 46, 'C', 'C — Tuesday', 'Judogi hang or towel hold', '2–3 sets', '7', '45–60s', 'Grip maintenance', 2);
insert into prescriptions (block_id, week_number, day_code, day_label, exercise, prescription, target_rpe, rest, transfer, sort_order) values (4, 46, 'C', 'C — Tuesday', 'Carry or neck circuit', '2 rounds', '6–7', '30–45s', 'Postural integrity', 3);
insert into prescriptions (block_id, week_number, day_code, day_label, exercise, prescription, target_rpe, rest, transfer, sort_order) values (4, 47, 'A', 'A — Monday', 'Front squat', '2×1–2 @8 | 3×4 in Week 37; follow weekly table', '7–8.5', '2–3 min', 'Maintain heavy squat exposure', 0);
insert into prescriptions (block_id, week_number, day_code, day_label, exercise, prescription, target_rpe, rest, transfer, sort_order) values (4, 47, 'A', 'A — Monday', 'Weighted pull-up or chin-up', '3×4', '7–8.5', '2 min', 'Pulling and grip retention', 1);
insert into prescriptions (block_id, week_number, day_code, day_label, exercise, prescription, target_rpe, rest, transfer, sort_order) values (4, 47, 'A', 'A — Monday', 'Low-incline press', '2–3×6–8', '7–8', '90–120s', 'Aesthetics and upper-body maintenance', 2);
insert into prescriptions (block_id, week_number, day_code, day_label, exercise, prescription, target_rpe, rest, transfer, sort_order) values (4, 47, 'A', 'A — Monday', 'Romanian deadlift', '2–3×6', '7', '2 min', 'Posterior-chain maintenance', 3);
insert into prescriptions (block_id, week_number, day_code, day_label, exercise, prescription, target_rpe, rest, transfer, sort_order) values (4, 47, 'A', 'A — Monday', 'Chest-supported row', '2–3×8', '7', '75–90s', 'Upper-back retention', 4);
insert into prescriptions (block_id, week_number, day_code, day_label, exercise, prescription, target_rpe, rest, transfer, sort_order) values (4, 47, 'A', 'A — Monday', 'Pallof press or suitcase carry', '2 sets', '6–7', '30–45s', 'Trunk stiffness', 5);
insert into prescriptions (block_id, week_number, day_code, day_label, exercise, prescription, target_rpe, rest, transfer, sort_order) values (4, 47, 'A', 'A — Monday', 'Neck work', '2 sets', '6–7', '30–45s', 'Robustness', 6);
insert into prescriptions (block_id, week_number, day_code, day_label, exercise, prescription, target_rpe, rest, transfer, sort_order) values (4, 47, 'B', 'B — Thursday', 'Trap-bar deadlift or clean pull', '2×1–2 @8 | 3×4 in Week 37; follow weekly table', '7–8.5', '2–3 min', 'Maintain heavy hinge or pull exposure', 0);
insert into prescriptions (block_id, week_number, day_code, day_label, exercise, prescription, target_rpe, rest, transfer, sort_order) values (4, 47, 'B', 'B — Thursday', 'Push press', '3×3', '7–8', '2 min', 'Power retention', 1);
insert into prescriptions (block_id, week_number, day_code, day_label, exercise, prescription, target_rpe, rest, transfer, sort_order) values (4, 47, 'B', 'B — Thursday', 'Bulgarian split squat', '2×5/leg', '7', '75–90s', 'Unilateral force maintenance', 2);
insert into prescriptions (block_id, week_number, day_code, day_label, exercise, prescription, target_rpe, rest, transfer, sort_order) values (4, 47, 'B', 'B — Thursday', 'Flat DB press', '2×6–8', '7', '75–90s', 'Upper-body retention', 3);
insert into prescriptions (block_id, week_number, day_code, day_label, exercise, prescription, target_rpe, rest, transfer, sort_order) values (4, 47, 'B', 'B — Thursday', 'Pulldown or row', '2–3×8', '7', '75–90s', 'Pulling maintenance', 4);
insert into prescriptions (block_id, week_number, day_code, day_label, exercise, prescription, target_rpe, rest, transfer, sort_order) values (4, 47, 'B', 'B — Thursday', 'Hamstring curl or Copenhagen', '2 sets', '7', '45–60s', 'Resilience', 5);
insert into prescriptions (block_id, week_number, day_code, day_label, exercise, prescription, target_rpe, rest, transfer, sort_order) values (4, 47, 'C', 'C — Tuesday', 'Two med-ball throw variations', '3×3–4 each', '6–7', '45–60s', 'Preserve explosiveness', 0);
insert into prescriptions (block_id, week_number, day_code, day_label, exercise, prescription, target_rpe, rest, transfer, sort_order) values (4, 47, 'C', 'C — Tuesday', 'Short band-entry circuit', '6–8 rounds', '6–7', '20–30s', 'Technical rhythm', 1);
insert into prescriptions (block_id, week_number, day_code, day_label, exercise, prescription, target_rpe, rest, transfer, sort_order) values (4, 47, 'C', 'C — Tuesday', 'Judogi hang or towel hold', '2–3 sets', '7', '45–60s', 'Grip maintenance', 2);
insert into prescriptions (block_id, week_number, day_code, day_label, exercise, prescription, target_rpe, rest, transfer, sort_order) values (4, 47, 'C', 'C — Tuesday', 'Carry or neck circuit', '2 rounds', '6–7', '30–45s', 'Postural integrity', 3);
insert into prescriptions (block_id, week_number, day_code, day_label, exercise, prescription, target_rpe, rest, transfer, sort_order) values (4, 48, 'A', 'A — Monday', 'Front squat', 'Deload / assessment | 3×4 in Week 37; follow weekly table', '7–8.5', '2–3 min', 'Maintain heavy squat exposure', 0);
insert into prescriptions (block_id, week_number, day_code, day_label, exercise, prescription, target_rpe, rest, transfer, sort_order) values (4, 48, 'A', 'A — Monday', 'Weighted pull-up or chin-up', '3×4', '7–8.5', '2 min', 'Pulling and grip retention', 1);
insert into prescriptions (block_id, week_number, day_code, day_label, exercise, prescription, target_rpe, rest, transfer, sort_order) values (4, 48, 'A', 'A — Monday', 'Low-incline press', '2–3×6–8', '7–8', '90–120s', 'Aesthetics and upper-body maintenance', 2);
insert into prescriptions (block_id, week_number, day_code, day_label, exercise, prescription, target_rpe, rest, transfer, sort_order) values (4, 48, 'A', 'A — Monday', 'Romanian deadlift', '2–3×6', '7', '2 min', 'Posterior-chain maintenance', 3);
insert into prescriptions (block_id, week_number, day_code, day_label, exercise, prescription, target_rpe, rest, transfer, sort_order) values (4, 48, 'A', 'A — Monday', 'Chest-supported row', '2–3×8', '7', '75–90s', 'Upper-back retention', 4);
insert into prescriptions (block_id, week_number, day_code, day_label, exercise, prescription, target_rpe, rest, transfer, sort_order) values (4, 48, 'A', 'A — Monday', 'Pallof press or suitcase carry', '2 sets', '6–7', '30–45s', 'Trunk stiffness', 5);
insert into prescriptions (block_id, week_number, day_code, day_label, exercise, prescription, target_rpe, rest, transfer, sort_order) values (4, 48, 'A', 'A — Monday', 'Neck work', '2 sets', '6–7', '30–45s', 'Robustness', 6);
insert into prescriptions (block_id, week_number, day_code, day_label, exercise, prescription, target_rpe, rest, transfer, sort_order) values (4, 48, 'B', 'B — Thursday', 'Trap-bar deadlift or clean pull', 'Deload / assessment | 3×4 in Week 37; follow weekly table', '7–8.5', '2–3 min', 'Maintain heavy hinge or pull exposure', 0);
insert into prescriptions (block_id, week_number, day_code, day_label, exercise, prescription, target_rpe, rest, transfer, sort_order) values (4, 48, 'B', 'B — Thursday', 'Push press', '3×3', '7–8', '2 min', 'Power retention', 1);
insert into prescriptions (block_id, week_number, day_code, day_label, exercise, prescription, target_rpe, rest, transfer, sort_order) values (4, 48, 'B', 'B — Thursday', 'Bulgarian split squat', '2×5/leg', '7', '75–90s', 'Unilateral force maintenance', 2);
insert into prescriptions (block_id, week_number, day_code, day_label, exercise, prescription, target_rpe, rest, transfer, sort_order) values (4, 48, 'B', 'B — Thursday', 'Flat DB press', '2×6–8', '7', '75–90s', 'Upper-body retention', 3);
insert into prescriptions (block_id, week_number, day_code, day_label, exercise, prescription, target_rpe, rest, transfer, sort_order) values (4, 48, 'B', 'B — Thursday', 'Pulldown or row', '2–3×8', '7', '75–90s', 'Pulling maintenance', 4);
insert into prescriptions (block_id, week_number, day_code, day_label, exercise, prescription, target_rpe, rest, transfer, sort_order) values (4, 48, 'B', 'B — Thursday', 'Hamstring curl or Copenhagen', '2 sets', '7', '45–60s', 'Resilience', 5);
insert into prescriptions (block_id, week_number, day_code, day_label, exercise, prescription, target_rpe, rest, transfer, sort_order) values (4, 48, 'C', 'C — Tuesday', 'Two med-ball throw variations', '3×3–4 each', '6–7', '45–60s', 'Preserve explosiveness', 0);
insert into prescriptions (block_id, week_number, day_code, day_label, exercise, prescription, target_rpe, rest, transfer, sort_order) values (4, 48, 'C', 'C — Tuesday', 'Short band-entry circuit', '6–8 rounds', '6–7', '20–30s', 'Technical rhythm', 1);
insert into prescriptions (block_id, week_number, day_code, day_label, exercise, prescription, target_rpe, rest, transfer, sort_order) values (4, 48, 'C', 'C — Tuesday', 'Judogi hang or towel hold', '2–3 sets', '7', '45–60s', 'Grip maintenance', 2);
insert into prescriptions (block_id, week_number, day_code, day_label, exercise, prescription, target_rpe, rest, transfer, sort_order) values (4, 48, 'C', 'C — Tuesday', 'Carry or neck circuit', '2 rounds', '6–7', '30–45s', 'Postural integrity', 3);

-- exercise_library (block 4)
insert into exercise_library (block_id, day_code, day_label, exercise, default_prescription, rpe, rest, transfer, sort_order) values (4, 'A', 'A — Monday', 'Front squat', '3×4 in Week 37; follow weekly table', '7–8.5', '2–3 min', 'Maintain heavy squat exposure', 0);
insert into exercise_library (block_id, day_code, day_label, exercise, default_prescription, rpe, rest, transfer, sort_order) values (4, 'A', 'A — Monday', 'Weighted pull-up or chin-up', '3×4', '7–8.5', '2 min', 'Pulling and grip retention', 1);
insert into exercise_library (block_id, day_code, day_label, exercise, default_prescription, rpe, rest, transfer, sort_order) values (4, 'A', 'A — Monday', 'Low-incline press', '2–3×6–8', '7–8', '90–120s', 'Aesthetics and upper-body maintenance', 2);
insert into exercise_library (block_id, day_code, day_label, exercise, default_prescription, rpe, rest, transfer, sort_order) values (4, 'A', 'A — Monday', 'Romanian deadlift', '2–3×6', '7', '2 min', 'Posterior-chain maintenance', 3);
insert into exercise_library (block_id, day_code, day_label, exercise, default_prescription, rpe, rest, transfer, sort_order) values (4, 'A', 'A — Monday', 'Chest-supported row', '2–3×8', '7', '75–90s', 'Upper-back retention', 4);
insert into exercise_library (block_id, day_code, day_label, exercise, default_prescription, rpe, rest, transfer, sort_order) values (4, 'A', 'A — Monday', 'Pallof press or suitcase carry', '2 sets', '6–7', '30–45s', 'Trunk stiffness', 5);
insert into exercise_library (block_id, day_code, day_label, exercise, default_prescription, rpe, rest, transfer, sort_order) values (4, 'A', 'A — Monday', 'Neck work', '2 sets', '6–7', '30–45s', 'Robustness', 6);
insert into exercise_library (block_id, day_code, day_label, exercise, default_prescription, rpe, rest, transfer, sort_order) values (4, 'B', 'B — Thursday', 'Trap-bar deadlift or clean pull', '3×4 in Week 37; follow weekly table', '7–8.5', '2–3 min', 'Maintain heavy hinge or pull exposure', 7);
insert into exercise_library (block_id, day_code, day_label, exercise, default_prescription, rpe, rest, transfer, sort_order) values (4, 'B', 'B — Thursday', 'Push press', '3×3', '7–8', '2 min', 'Power retention', 8);
insert into exercise_library (block_id, day_code, day_label, exercise, default_prescription, rpe, rest, transfer, sort_order) values (4, 'B', 'B — Thursday', 'Bulgarian split squat', '2×5/leg', '7', '75–90s', 'Unilateral force maintenance', 9);
insert into exercise_library (block_id, day_code, day_label, exercise, default_prescription, rpe, rest, transfer, sort_order) values (4, 'B', 'B — Thursday', 'Flat DB press', '2×6–8', '7', '75–90s', 'Upper-body retention', 10);
insert into exercise_library (block_id, day_code, day_label, exercise, default_prescription, rpe, rest, transfer, sort_order) values (4, 'B', 'B — Thursday', 'Pulldown or row', '2–3×8', '7', '75–90s', 'Pulling maintenance', 11);
insert into exercise_library (block_id, day_code, day_label, exercise, default_prescription, rpe, rest, transfer, sort_order) values (4, 'B', 'B — Thursday', 'Hamstring curl or Copenhagen', '2 sets', '7', '45–60s', 'Resilience', 12);
insert into exercise_library (block_id, day_code, day_label, exercise, default_prescription, rpe, rest, transfer, sort_order) values (4, 'C', 'C — Tuesday', 'Two med-ball throw variations', '3×3–4 each', '6–7', '45–60s', 'Preserve explosiveness', 13);
insert into exercise_library (block_id, day_code, day_label, exercise, default_prescription, rpe, rest, transfer, sort_order) values (4, 'C', 'C — Tuesday', 'Short band-entry circuit', '6–8 rounds', '6–7', '20–30s', 'Technical rhythm', 14);
insert into exercise_library (block_id, day_code, day_label, exercise, default_prescription, rpe, rest, transfer, sort_order) values (4, 'C', 'C — Tuesday', 'Judogi hang or towel hold', '2–3 sets', '7', '45–60s', 'Grip maintenance', 15);
insert into exercise_library (block_id, day_code, day_label, exercise, default_prescription, rpe, rest, transfer, sort_order) values (4, 'C', 'C — Tuesday', 'Carry or neck circuit', '2 rounds', '6–7', '30–45s', 'Postural integrity', 16);

-- progression_rules (block 4)
insert into progression_rules (block_id, rule, implementation, sort_order) values (4, 'Primary lifts', 'RPE-governed progression; add load only if target RPE and technique are clean.', 0);
insert into progression_rules (block_id, rule, implementation, sort_order) values (4, 'Weighted pulls', 'Double progression; use pulldown when elbows/fingers are irritated.', 1);
insert into progression_rules (block_id, rule, implementation, sort_order) values (4, 'Accessories', 'Use double progression; after hard randori, trim accessories before main lifts.', 2);
insert into progression_rules (block_id, rule, implementation, sort_order) values (4, 'Medicine-ball throws', 'Progress speed first, load second. Never let throws become grinders.', 3);
insert into progression_rules (block_id, rule, implementation, sort_order) values (4, 'Fatigue rule', 'Protect judo quality first: trim Thursday grip → Thursday accessories → Day C density → main lifts.', 4);
insert into progression_rules (block_id, rule, implementation, sort_order) values (4, 'Deloads', 'Every 4th week: reduce hard sets 35–50%, lower intensity 5–10%, avoid failure.', 5);

-- program_weeks (block 5)
insert into program_weeks (week_number, block_id, focus, day_a_main, day_b_main, day_c_focus, hard_sets, main_rpe) values (49, 5, 'Remove fatigue', '2×5 @5–6 on main lifts', '2×5 @5–6 on main lifts', 'Easy med-ball and footwork', 8, 5.5);
insert into program_weeks (week_number, block_id, focus, day_a_main, day_b_main, day_c_focus, hard_sets, main_rpe) values (50, 5, 'Restore tissues', '2×6–8 @5–6 on accessories', '2×6–8 @5–6 on accessories', 'Light band entries', 8, 5.5);
insert into program_weeks (week_number, block_id, focus, day_a_main, day_b_main, day_c_focus, hard_sets, main_rpe) values (51, 5, 'Reassess', 'Assessment week, low volume', 'Assessment week, low volume', 'Uchi-komi technique rhythm', 6, 6);
insert into program_weeks (week_number, block_id, focus, day_a_main, day_b_main, day_c_focus, hard_sets, main_rpe) values (52, 5, 'Reset', '1–2 easy ramp sessions', '1–2 easy ramp sessions', 'Optional flush only', 4, 5);

-- prescriptions (block 5)
insert into prescriptions (block_id, week_number, day_code, day_label, exercise, prescription, target_rpe, rest, transfer, sort_order) values (5, 49, 'A', 'A — Monday', 'Main squat pattern', '2×5–8 @5–6', '5–6', '2 min', 'Restore movement quality', 0);
insert into prescriptions (block_id, week_number, day_code, day_label, exercise, prescription, target_rpe, rest, transfer, sort_order) values (5, 49, 'A', 'A — Monday', 'Pull pattern', '2×5–8 @5–6', '5–6', '90s', 'Keep tissue tolerance', 1);
insert into prescriptions (block_id, week_number, day_code, day_label, exercise, prescription, target_rpe, rest, transfer, sort_order) values (5, 49, 'A', 'A — Monday', 'Press pattern', '2×6–10 @5–6', '5–6', '90s', 'Maintain rhythm', 2);
insert into prescriptions (block_id, week_number, day_code, day_label, exercise, prescription, target_rpe, rest, transfer, sort_order) values (5, 49, 'A', 'A — Monday', 'Hinge or posterior chain', '1–2×6–8 @5–6', '5–6', '90s', 'Low fatigue hinge exposure', 3);
insert into prescriptions (block_id, week_number, day_code, day_label, exercise, prescription, target_rpe, rest, transfer, sort_order) values (5, 49, 'B', 'B — Thursday', 'Trap-bar or hinge pattern', '2×5–8 @5–6', '5–6', '2 min', 'Easy whole-body force', 0);
insert into prescriptions (block_id, week_number, day_code, day_label, exercise, prescription, target_rpe, rest, transfer, sort_order) values (5, 49, 'B', 'B — Thursday', 'Push press technique', '2×3–5 @5–6', '5–6', '90s', 'Crisp technique only', 1);
insert into prescriptions (block_id, week_number, day_code, day_label, exercise, prescription, target_rpe, rest, transfer, sort_order) values (5, 49, 'B', 'B — Thursday', 'Unilateral lower', '2×6/leg @5–6', '5–6', '60–90s', 'Restore pelvis/hip control', 2);
insert into prescriptions (block_id, week_number, day_code, day_label, exercise, prescription, target_rpe, rest, transfer, sort_order) values (5, 49, 'B', 'B — Thursday', 'Row or pulldown', '2×8 @5–6', '5–6', '60–90s', 'Upper-back blood flow', 3);
insert into prescriptions (block_id, week_number, day_code, day_label, exercise, prescription, target_rpe, rest, transfer, sort_order) values (5, 49, 'C', 'C — Tuesday', 'Easy med-ball throw', '3×3', '5–6', '45–60s', 'Speed and rhythm', 0);
insert into prescriptions (block_id, week_number, day_code, day_label, exercise, prescription, target_rpe, rest, transfer, sort_order) values (5, 49, 'C', 'C — Tuesday', 'Footwork / uchi-komi rhythm', '6–8 easy rounds', '5–6', '30s', 'Technical groove', 1);
insert into prescriptions (block_id, week_number, day_code, day_label, exercise, prescription, target_rpe, rest, transfer, sort_order) values (5, 49, 'C', 'C — Tuesday', 'Light carry or mobility circuit', '2 rounds', '5–6', 'as needed', 'Flush and restore', 2);
insert into prescriptions (block_id, week_number, day_code, day_label, exercise, prescription, target_rpe, rest, transfer, sort_order) values (5, 50, 'A', 'A — Monday', 'Main squat pattern', '2×5–8 @5–6', '5–6', '2 min', 'Restore movement quality', 0);
insert into prescriptions (block_id, week_number, day_code, day_label, exercise, prescription, target_rpe, rest, transfer, sort_order) values (5, 50, 'A', 'A — Monday', 'Pull pattern', '2×5–8 @5–6', '5–6', '90s', 'Keep tissue tolerance', 1);
insert into prescriptions (block_id, week_number, day_code, day_label, exercise, prescription, target_rpe, rest, transfer, sort_order) values (5, 50, 'A', 'A — Monday', 'Press pattern', '2×6–10 @5–6', '5–6', '90s', 'Maintain rhythm', 2);
insert into prescriptions (block_id, week_number, day_code, day_label, exercise, prescription, target_rpe, rest, transfer, sort_order) values (5, 50, 'A', 'A — Monday', 'Hinge or posterior chain', '1–2×6–8 @5–6', '5–6', '90s', 'Low fatigue hinge exposure', 3);
insert into prescriptions (block_id, week_number, day_code, day_label, exercise, prescription, target_rpe, rest, transfer, sort_order) values (5, 50, 'B', 'B — Thursday', 'Trap-bar or hinge pattern', '2×5–8 @5–6', '5–6', '2 min', 'Easy whole-body force', 0);
insert into prescriptions (block_id, week_number, day_code, day_label, exercise, prescription, target_rpe, rest, transfer, sort_order) values (5, 50, 'B', 'B — Thursday', 'Push press technique', '2×3–5 @5–6', '5–6', '90s', 'Crisp technique only', 1);
insert into prescriptions (block_id, week_number, day_code, day_label, exercise, prescription, target_rpe, rest, transfer, sort_order) values (5, 50, 'B', 'B — Thursday', 'Unilateral lower', '2×6/leg @5–6', '5–6', '60–90s', 'Restore pelvis/hip control', 2);
insert into prescriptions (block_id, week_number, day_code, day_label, exercise, prescription, target_rpe, rest, transfer, sort_order) values (5, 50, 'B', 'B — Thursday', 'Row or pulldown', '2×8 @5–6', '5–6', '60–90s', 'Upper-back blood flow', 3);
insert into prescriptions (block_id, week_number, day_code, day_label, exercise, prescription, target_rpe, rest, transfer, sort_order) values (5, 50, 'C', 'C — Tuesday', 'Easy med-ball throw', '3×3', '5–6', '45–60s', 'Speed and rhythm', 0);
insert into prescriptions (block_id, week_number, day_code, day_label, exercise, prescription, target_rpe, rest, transfer, sort_order) values (5, 50, 'C', 'C — Tuesday', 'Footwork / uchi-komi rhythm', '6–8 easy rounds', '5–6', '30s', 'Technical groove', 1);
insert into prescriptions (block_id, week_number, day_code, day_label, exercise, prescription, target_rpe, rest, transfer, sort_order) values (5, 50, 'C', 'C — Tuesday', 'Light carry or mobility circuit', '2 rounds', '5–6', 'as needed', 'Flush and restore', 2);
insert into prescriptions (block_id, week_number, day_code, day_label, exercise, prescription, target_rpe, rest, transfer, sort_order) values (5, 51, 'A', 'A — Monday', 'Main squat pattern', '2×5–8 @5–6', '5–6', '2 min', 'Restore movement quality', 0);
insert into prescriptions (block_id, week_number, day_code, day_label, exercise, prescription, target_rpe, rest, transfer, sort_order) values (5, 51, 'A', 'A — Monday', 'Pull pattern', '2×5–8 @5–6', '5–6', '90s', 'Keep tissue tolerance', 1);
insert into prescriptions (block_id, week_number, day_code, day_label, exercise, prescription, target_rpe, rest, transfer, sort_order) values (5, 51, 'A', 'A — Monday', 'Press pattern', '2×6–10 @5–6', '5–6', '90s', 'Maintain rhythm', 2);
insert into prescriptions (block_id, week_number, day_code, day_label, exercise, prescription, target_rpe, rest, transfer, sort_order) values (5, 51, 'A', 'A — Monday', 'Hinge or posterior chain', '1–2×6–8 @5–6', '5–6', '90s', 'Low fatigue hinge exposure', 3);
insert into prescriptions (block_id, week_number, day_code, day_label, exercise, prescription, target_rpe, rest, transfer, sort_order) values (5, 51, 'B', 'B — Thursday', 'Trap-bar or hinge pattern', '2×5–8 @5–6', '5–6', '2 min', 'Easy whole-body force', 0);
insert into prescriptions (block_id, week_number, day_code, day_label, exercise, prescription, target_rpe, rest, transfer, sort_order) values (5, 51, 'B', 'B — Thursday', 'Push press technique', '2×3–5 @5–6', '5–6', '90s', 'Crisp technique only', 1);
insert into prescriptions (block_id, week_number, day_code, day_label, exercise, prescription, target_rpe, rest, transfer, sort_order) values (5, 51, 'B', 'B — Thursday', 'Unilateral lower', '2×6/leg @5–6', '5–6', '60–90s', 'Restore pelvis/hip control', 2);
insert into prescriptions (block_id, week_number, day_code, day_label, exercise, prescription, target_rpe, rest, transfer, sort_order) values (5, 51, 'B', 'B — Thursday', 'Row or pulldown', '2×8 @5–6', '5–6', '60–90s', 'Upper-back blood flow', 3);
insert into prescriptions (block_id, week_number, day_code, day_label, exercise, prescription, target_rpe, rest, transfer, sort_order) values (5, 51, 'C', 'C — Tuesday', 'Easy med-ball throw', '3×3', '5–6', '45–60s', 'Speed and rhythm', 0);
insert into prescriptions (block_id, week_number, day_code, day_label, exercise, prescription, target_rpe, rest, transfer, sort_order) values (5, 51, 'C', 'C — Tuesday', 'Footwork / uchi-komi rhythm', '6–8 easy rounds', '5–6', '30s', 'Technical groove', 1);
insert into prescriptions (block_id, week_number, day_code, day_label, exercise, prescription, target_rpe, rest, transfer, sort_order) values (5, 51, 'C', 'C — Tuesday', 'Light carry or mobility circuit', '2 rounds', '5–6', 'as needed', 'Flush and restore', 2);
insert into prescriptions (block_id, week_number, day_code, day_label, exercise, prescription, target_rpe, rest, transfer, sort_order) values (5, 52, 'A', 'A — Monday', 'Main squat pattern', '2×5–8 @5–6', '5–6', '2 min', 'Restore movement quality', 0);
insert into prescriptions (block_id, week_number, day_code, day_label, exercise, prescription, target_rpe, rest, transfer, sort_order) values (5, 52, 'A', 'A — Monday', 'Pull pattern', '2×5–8 @5–6', '5–6', '90s', 'Keep tissue tolerance', 1);
insert into prescriptions (block_id, week_number, day_code, day_label, exercise, prescription, target_rpe, rest, transfer, sort_order) values (5, 52, 'A', 'A — Monday', 'Press pattern', '2×6–10 @5–6', '5–6', '90s', 'Maintain rhythm', 2);
insert into prescriptions (block_id, week_number, day_code, day_label, exercise, prescription, target_rpe, rest, transfer, sort_order) values (5, 52, 'A', 'A — Monday', 'Hinge or posterior chain', '1–2×6–8 @5–6', '5–6', '90s', 'Low fatigue hinge exposure', 3);
insert into prescriptions (block_id, week_number, day_code, day_label, exercise, prescription, target_rpe, rest, transfer, sort_order) values (5, 52, 'B', 'B — Thursday', 'Trap-bar or hinge pattern', '2×5–8 @5–6', '5–6', '2 min', 'Easy whole-body force', 0);
insert into prescriptions (block_id, week_number, day_code, day_label, exercise, prescription, target_rpe, rest, transfer, sort_order) values (5, 52, 'B', 'B — Thursday', 'Push press technique', '2×3–5 @5–6', '5–6', '90s', 'Crisp technique only', 1);
insert into prescriptions (block_id, week_number, day_code, day_label, exercise, prescription, target_rpe, rest, transfer, sort_order) values (5, 52, 'B', 'B — Thursday', 'Unilateral lower', '2×6/leg @5–6', '5–6', '60–90s', 'Restore pelvis/hip control', 2);
insert into prescriptions (block_id, week_number, day_code, day_label, exercise, prescription, target_rpe, rest, transfer, sort_order) values (5, 52, 'B', 'B — Thursday', 'Row or pulldown', '2×8 @5–6', '5–6', '60–90s', 'Upper-back blood flow', 3);
insert into prescriptions (block_id, week_number, day_code, day_label, exercise, prescription, target_rpe, rest, transfer, sort_order) values (5, 52, 'C', 'C — Tuesday', 'Easy med-ball throw', '3×3', '5–6', '45–60s', 'Speed and rhythm', 0);
insert into prescriptions (block_id, week_number, day_code, day_label, exercise, prescription, target_rpe, rest, transfer, sort_order) values (5, 52, 'C', 'C — Tuesday', 'Footwork / uchi-komi rhythm', '6–8 easy rounds', '5–6', '30s', 'Technical groove', 1);
insert into prescriptions (block_id, week_number, day_code, day_label, exercise, prescription, target_rpe, rest, transfer, sort_order) values (5, 52, 'C', 'C — Tuesday', 'Light carry or mobility circuit', '2 rounds', '5–6', 'as needed', 'Flush and restore', 2);

-- exercise_library (block 5)
insert into exercise_library (block_id, day_code, day_label, exercise, default_prescription, rpe, rest, transfer, sort_order) values (5, 'A', 'A — Monday', 'Main squat pattern', '2×5–8 @5–6', '5–6', '2 min', 'Restore movement quality', 0);
insert into exercise_library (block_id, day_code, day_label, exercise, default_prescription, rpe, rest, transfer, sort_order) values (5, 'A', 'A — Monday', 'Pull pattern', '2×5–8 @5–6', '5–6', '90s', 'Keep tissue tolerance', 1);
insert into exercise_library (block_id, day_code, day_label, exercise, default_prescription, rpe, rest, transfer, sort_order) values (5, 'A', 'A — Monday', 'Press pattern', '2×6–10 @5–6', '5–6', '90s', 'Maintain rhythm', 2);
insert into exercise_library (block_id, day_code, day_label, exercise, default_prescription, rpe, rest, transfer, sort_order) values (5, 'A', 'A — Monday', 'Hinge or posterior chain', '1–2×6–8 @5–6', '5–6', '90s', 'Low fatigue hinge exposure', 3);
insert into exercise_library (block_id, day_code, day_label, exercise, default_prescription, rpe, rest, transfer, sort_order) values (5, 'B', 'B — Thursday', 'Trap-bar or hinge pattern', '2×5–8 @5–6', '5–6', '2 min', 'Easy whole-body force', 4);
insert into exercise_library (block_id, day_code, day_label, exercise, default_prescription, rpe, rest, transfer, sort_order) values (5, 'B', 'B — Thursday', 'Push press technique', '2×3–5 @5–6', '5–6', '90s', 'Crisp technique only', 5);
insert into exercise_library (block_id, day_code, day_label, exercise, default_prescription, rpe, rest, transfer, sort_order) values (5, 'B', 'B — Thursday', 'Unilateral lower', '2×6/leg @5–6', '5–6', '60–90s', 'Restore pelvis/hip control', 6);
insert into exercise_library (block_id, day_code, day_label, exercise, default_prescription, rpe, rest, transfer, sort_order) values (5, 'B', 'B — Thursday', 'Row or pulldown', '2×8 @5–6', '5–6', '60–90s', 'Upper-back blood flow', 7);
insert into exercise_library (block_id, day_code, day_label, exercise, default_prescription, rpe, rest, transfer, sort_order) values (5, 'C', 'C — Tuesday', 'Easy med-ball throw', '3×3', '5–6', '45–60s', 'Speed and rhythm', 8);
insert into exercise_library (block_id, day_code, day_label, exercise, default_prescription, rpe, rest, transfer, sort_order) values (5, 'C', 'C — Tuesday', 'Footwork / uchi-komi rhythm', '6–8 easy rounds', '5–6', '30s', 'Technical groove', 9);
insert into exercise_library (block_id, day_code, day_label, exercise, default_prescription, rpe, rest, transfer, sort_order) values (5, 'C', 'C — Tuesday', 'Light carry or mobility circuit', '2 rounds', '5–6', 'as needed', 'Flush and restore', 10);

-- progression_rules (block 5)
insert into progression_rules (block_id, rule, implementation, sort_order) values (5, 'Primary lifts', 'RPE-governed progression; add load only if target RPE and technique are clean.', 0);
insert into progression_rules (block_id, rule, implementation, sort_order) values (5, 'Weighted pulls', 'Double progression; use pulldown when elbows/fingers are irritated.', 1);
insert into progression_rules (block_id, rule, implementation, sort_order) values (5, 'Accessories', 'Use double progression; after hard randori, trim accessories before main lifts.', 2);
insert into progression_rules (block_id, rule, implementation, sort_order) values (5, 'Medicine-ball throws', 'Progress speed first, load second. Never let throws become grinders.', 3);
insert into progression_rules (block_id, rule, implementation, sort_order) values (5, 'Fatigue rule', 'Protect judo quality first: trim Thursday grip → Thursday accessories → Day C density → main lifts.', 4);
insert into progression_rules (block_id, rule, implementation, sort_order) values (5, 'Deloads', 'Every 4th week: reduce hard sets 35–50%, lower intensity 5–10%, avoid failure.', 5);
